PC,Peak,explained_variance_ratio,explained_variance_ratio_cumsum
PC0,265.1625,0.5202653,0.5202653
PC1,265.1625,0.12587488,0.64614016
PC2,255.25,0.016549611,0.66268975
PC3,311.1875,0.008778001,0.6714677
PC4,303.25,0.0067913863,0.67825913
PC5,339.2125,0.006553612,0.6848127
PC6,303.25,0.0039798873,0.6887926
PC7,281.2625,0.0026037553,0.69139636
PC8,391.275,0.0018742401,0.6932706
PC9,325.2,0.001582926,0.69485354
PC10,265.1625,0.0014883542,0.6963419
PC11,161.075,0.0012853165,0.6976272
PC12,339.2125,0.0012598365,0.69888705
PC13,172.8375,0.001093444,0.6999805
PC14,283.275,0.001079146,0.70105964
PC15,161.075,0.0009599568,0.7020196
PC16,311.175,0.0008699968,0.70288956
PC17,174.0125,0.00081142166,0.70370096
PC18,255.2375,0.0007809545,0.7044819
PC19,309.1875,0.00076301326,0.7052449
PC20,201.05,0.00071741757,0.7059623
PC21,339.225,0.0006770479,0.70663935
PC22,293.1875,0.0006740998,0.7073135
PC23,325.1875,0.000619785,0.70793325
PC24,325.1875,0.00059280393,0.7085261
PC25,325.2125,0.00058497005,0.70911103
PC26,146.9875,0.00055531994,0.7096664
PC27,293.2,0.0005318487,0.7101982
PC28,283.2875,0.0005244715,0.7107227
PC29,297.175,0.00050950894,0.7112322
PC30,297.175,0.00049774925,0.71172994
PC31,172.8375,0.0004830415,0.712213
PC32,309.2,0.00048088853,0.71269387
PC33,353.225,0.00047141747,0.7131653
PC34,146.9875,0.00046921038,0.7136345
PC35,241.2375,0.00045669044,0.7140912
PC36,256.25,0.00043997983,0.7145312
PC37,326.2,0.0004354343,0.7149666
PC38,241.2375,0.00042532422,0.71539193
PC39,269.2625,0.0004243624,0.7158163
PC40,269.2625,0.000422522,0.71623886
PC41,256.25,0.0004198077,0.71665865
PC42,147.0,0.00040926292,0.7170679
PC43,297.1625,0.00040064615,0.71746856
PC44,168.85,0.0003896787,0.71785825
PC45,170.85,0.00038642195,0.7182447
PC46,170.85,0.00038240483,0.7186271
PC47,312.1875,0.00037914366,0.71900624
PC48,297.1625,0.000375586,0.7193818
PC49,265.15,0.00036520493,0.719747
PC50,266.1625,0.00036032542,0.7201073
PC51,337.225,0.0003551264,0.72046244
PC52,241.225,0.00034438912,0.72080684
PC53,241.225,0.00034041362,0.72114724
PC54,137.05,0.000335757,0.721483
PC55,340.2125,0.00032940734,0.7218124
PC56,340.225,0.00032273392,0.7221352
PC57,174.8375,0.00031702596,0.7224522
PC58,311.2,0.00030622538,0.7227585
PC59,337.2125,0.00030295886,0.72306144
PC60,113.0,0.00030152802,0.723363
PC61,340.2125,0.00029795695,0.72366095
PC62,89.025,0.00029645173,0.7239574
PC63,397.25,0.00029235383,0.7242498
PC64,281.275,0.00028687742,0.72453666
PC65,311.2,0.00028435417,0.72482103
PC66,281.275,0.00028218003,0.7251032
PC67,160.075,0.0002804509,0.72538364
PC68,148.9875,0.00027609587,0.7256597
PC69,148.9875,0.00027467738,0.7259344
PC70,309.175,0.00027053154,0.72620493
PC71,160.075,0.0002685412,0.72647345
PC72,168.8375,0.00026641256,0.7267399
PC73,255.2625,0.0002648985,0.72700477
PC74,326.2125,0.00026403012,0.7272688
PC75,279.25,0.00025954263,0.72752833
PC76,128.05,0.00025912464,0.72778744
PC77,255.2625,0.00025710417,0.7280445
PC78,255.2625,0.0002540673,0.7282986
PC79,326.2125,0.00025265492,0.72855127
PC80,138.025,0.0002508997,0.72880214
PC81,310.1875,0.00024927585,0.7290514
PC82,215.05,0.00024802648,0.7292994
PC83,381.25,0.00024704196,0.7295465
PC84,161.0625,0.00024488132,0.72979134
PC85,321.225,0.00024202272,0.73003334
PC86,327.2,0.0002418347,0.73027515
PC87,161.0625,0.00024024758,0.7305154
PC88,183.025,0.00023822857,0.73075366
PC89,327.2,0.00023768723,0.73099136
PC90,186.925,0.00023702983,0.7312284
PC91,224.9,0.00023553702,0.73146397
PC92,267.25,0.00023421709,0.7316982
PC93,321.225,0.00023331687,0.7319315
PC94,137.0375,0.00023276528,0.73216426
PC95,224.9,0.00023119601,0.73239547
PC96,186.925,0.00022896036,0.7326244
PC97,284.2875,0.00022876865,0.7328532
PC98,267.1625,0.00022724169,0.7330804
PC99,174.0,0.00022701222,0.7333074
PC100,267.25,0.00022688738,0.73353434
PC101,267.25,0.0002253439,0.7337597
PC102,174.0,0.0002240883,0.7339838
PC103,182.925,0.00022271699,0.73420656
PC104,266.175,0.00022256629,0.7344291
PC105,119.95,0.00022110519,0.73465025
PC106,315.2,0.00022050619,0.73487073
PC107,312.2,0.00021911971,0.73508984
PC108,282.2625,0.00021842238,0.7353083
PC109,367.375,0.00021805966,0.7355263
PC110,284.275,0.00021727587,0.7357436
PC111,298.175,0.00021661755,0.7359602
PC112,266.175,0.0002155765,0.7361758
PC113,367.375,0.00021510321,0.7363909
PC114,294.2,0.00021462962,0.7366055
PC115,284.2875,0.00021373354,0.73681927
PC116,217.025,0.00021337467,0.73703265
PC117,367.375,0.0002124446,0.7372451
PC118,201.0625,0.0002118484,0.7374569
PC119,313.1875,0.00021073266,0.7376677
PC120,256.2625,0.0002102227,0.7378779
PC121,256.2625,0.00020972552,0.73808765
PC122,339.2,0.00020927936,0.7382969
PC123,313.175,0.00020801107,0.73850495
PC124,312.175,0.00020763393,0.7387126
PC125,354.225,0.00020737093,0.73892
PC126,119.9625,0.0002068369,0.7391268
PC127,279.1875,0.00020555442,0.7393324
PC128,173.0875,0.00020553874,0.7395379
PC129,284.2875,0.00020514676,0.73974305
PC130,421.25,0.00020427091,0.7399473
PC131,339.2375,0.00020415166,0.74015146
PC132,339.2,0.0002035335,0.740355
PC133,338.225,0.00020334116,0.7405583
PC134,339.2,0.00020164151,0.74075997
PC135,377.1,0.00020120204,0.7409612
PC136,313.1875,0.00020096319,0.7411622
PC137,93.05,0.0002004298,0.74136263
PC138,93.05,0.00020028563,0.7415629
PC139,339.2375,0.0001999615,0.7417629
PC140,254.2375,0.0001994536,0.7419623
PC141,381.2375,0.00019889,0.7421612
PC142,173.0875,0.00019873398,0.74235994
PC143,341.225,0.00019807684,0.742558
PC144,313.175,0.00019789876,0.7427559
PC145,282.2625,0.00019748583,0.74295336
PC146,354.225,0.00019711649,0.7431505
PC147,296.075,0.00019677855,0.7433472
PC148,173.0875,0.00019641624,0.7435436
PC149,794.575,0.0001962143,0.74373984
PC150,377.1,0.00019588307,0.7439357
PC151,441.275,0.000195028,0.74413073
PC152,217.025,0.00019484063,0.7443256
PC153,338.225,0.00019457574,0.7445201
PC154,341.2125,0.0001942619,0.7447144
PC155,293.2125,0.00019404195,0.7449084
PC156,313.2125,0.00019355676,0.7451019
PC157,222.9,0.00019346774,0.7452954
PC158,393.275,0.0001929689,0.74548835
PC159,294.1875,0.00019265703,0.745681
PC160,254.2375,0.00019256938,0.7458736
PC161,365.25,0.0001921422,0.74606574
PC162,425.275,0.00019144343,0.7462572
PC163,293.2125,0.0001912992,0.74644846
PC164,353.2,0.00019120802,0.74663967
PC165,121.0375,0.00019058486,0.7468302
PC166,343.2375,0.00019025133,0.7470205
PC167,282.275,0.00019013496,0.7472106
PC168,441.275,0.00018986128,0.74740046
PC169,215.0375,0.00018968801,0.7475901
PC170,313.175,0.00018924048,0.74777937
PC171,337.2375,0.0001889734,0.7479683
PC172,339.2,0.00018859198,0.7481569
PC173,354.225,0.00018844235,0.7483454
PC174,269.275,0.00018813102,0.7485335
PC175,128.0375,0.0001877929,0.7487213
PC176,186.0,0.00018764837,0.74890894
PC177,360.25,0.0001875272,0.74909645
PC178,187.0625,0.00018719635,0.7492837
PC179,397.35,0.00018692978,0.7494706
PC180,202.05,0.0001867794,0.7496574
PC181,465.325,0.0001863972,0.7498438
PC182,299.2,0.00018627473,0.75003004
PC183,94.9375,0.00018574607,0.75021577
PC184,138.0375,0.00018559881,0.7504014
PC185,190.925,0.00018545816,0.7505868
PC186,94.9375,0.00018532453,0.7507721
PC187,393.1125,0.00018501794,0.75095713
PC188,397.35,0.0001848613,0.75114197
PC189,242.2375,0.00018461408,0.75132656
PC190,465.325,0.00018454019,0.7515111
PC191,242.2375,0.00018425641,0.75169533
PC192,187.1,0.00018409062,0.75187945
PC193,239.2125,0.00018401635,0.75206345
PC194,239.2125,0.00018377043,0.7522472
PC195,162.9625,0.0001836344,0.75243086
PC196,393.275,0.00018324956,0.7526141
PC197,355.2125,0.00018321267,0.7527973
PC198,411.3625,0.00018303734,0.75298035
PC199,303.2375,0.00018281484,0.75316316
PC200,269.25,0.00018238161,0.75334555
PC201,209.1,0.00018219186,0.75352776
PC202,296.0875,0.00018201381,0.7537098
PC203,377.1125,0.00018184884,0.75389165
PC204,201.125,0.00018158059,0.7540732
PC205,270.2625,0.00018146548,0.75425464
PC206,341.225,0.00018136593,0.754436
PC207,425.275,0.00018103437,0.75461704
PC208,176.8375,0.0001808578,0.7547979
PC209,269.25,0.00018073093,0.7549786
PC210,186.0,0.00018066254,0.75515926
PC211,187.1,0.00018039896,0.7553397
PC212,369.325,0.00018024437,0.7555199
PC213,337.2375,0.00018013144,0.75570005
PC214,239.2125,0.00017994366,0.75588
PC215,337.2375,0.00017972423,0.7560597
PC216,425.375,0.00017960313,0.7562393
PC217,201.125,0.00017945748,0.75641876
PC218,121.95,0.00017919502,0.75659794
PC219,325.025,0.00017892242,0.75677687
PC220,236.9875,0.00017878729,0.7569557
PC221,215.0375,0.00017870989,0.7571344
PC222,242.2375,0.00017856494,0.75731295
PC223,160.0875,0.00017837182,0.75749135
PC224,197.0375,0.00017815726,0.7576695
PC225,242.2375,0.00017798989,0.7578475
PC226,269.225,0.00017796509,0.75802547
PC227,383.2375,0.00017783623,0.7582033
PC228,337.2375,0.00017762711,0.75838095
PC229,327.1875,0.00017732204,0.7585583
PC230,369.325,0.00017724339,0.75873554
PC231,397.2625,0.0001770703,0.7589126
PC232,360.25,0.0001769259,0.7590895
PC233,252.9875,0.00017679398,0.7592663
PC234,353.2375,0.00017676924,0.7594431
PC235,311.3125,0.00017646833,0.7596196
PC236,174.85,0.00017629954,0.7597959
PC237,207.025,0.0001761485,0.75997204
PC238,381.2625,0.00017596822,0.760148
PC239,411.3625,0.00017582222,0.7603238
PC240,794.575,0.00017571081,0.76049954
PC241,369.3125,0.00017544896,0.760675
PC242,343.2375,0.0001753599,0.76085037
PC243,160.0875,0.00017526619,0.7610256
PC244,346.9875,0.000175119,0.7612007
PC245,353.2,0.00017494553,0.76137567
PC246,295.1875,0.00017483882,0.7615505
PC247,600.55,0.00017469554,0.7617252
PC248,252.9875,0.00017455772,0.76189977
PC249,171.15,0.00017441895,0.7620742
PC250,124.9,0.0001742844,0.76224846
PC251,124.9,0.00017411078,0.76242256
PC252,213.025,0.00017409505,0.76259667
PC253,341.2875,0.00017399548,0.76277065
PC254,225.2,0.00017386458,0.7629445
PC255,431.1625,0.00017363077,0.76311815
PC256,327.2125,0.00017356522,0.7632917
PC257,128.0375,0.00017350889,0.7634652
PC258,222.9,0.00017333175,0.76363856
PC259,323.125,0.00017317374,0.7638117
PC260,242.2375,0.00017310082,0.7639848
PC261,134.875,0.00017302562,0.76415783
PC262,391.125,0.00017278505,0.7643306
PC263,201.125,0.00017263366,0.76450324
PC264,340.2375,0.00017257764,0.7646758
PC265,381.2625,0.00017244217,0.76484823
PC266,164.85,0.00017227473,0.7650205
PC267,311.3125,0.0001722203,0.7651927
PC268,379.1,0.00017207088,0.76536477
PC269,412.975,0.0001717743,0.76553655
PC270,353.2375,0.00017176864,0.7657083
PC271,157.1,0.0001715561,0.76587987
PC272,425.375,0.00017149298,0.76605135
PC273,225.2,0.00017145077,0.7662228
PC274,267.15,0.00017121668,0.766394
PC275,162.85,0.00017115237,0.76656514
PC276,383.325,0.0001710233,0.76673615
PC277,121.95,0.00017097831,0.76690716
PC278,266.15,0.0001708422,0.767078
PC279,207.95,0.00017075526,0.76724875
PC280,242.225,0.00017052998,0.7674193
PC281,197.0375,0.00017043781,0.7675897
PC282,209.1,0.00017028411,0.76776
PC283,425.375,0.00017026476,0.76793027
PC284,239.2125,0.00017020614,0.7681005
PC285,369.3125,0.00017019229,0.7682707
PC286,393.275,0.0001700373,0.7684407
PC287,299.2,0.0001699296,0.76861066
PC288,439.4,0.0001697357,0.7687804
PC289,465.325,0.00016966247,0.76895005
PC290,395.4,0.00016951522,0.76911956
PC291,171.1125,0.00016936693,0.76928896
PC292,217.05,0.00016934064,0.7694583
PC293,411.3625,0.00016921299,0.7696275
PC294,269.225,0.00016915881,0.76979667
PC295,157.1,0.00016912476,0.76996577
PC296,397.175,0.00016900607,0.77013475
PC297,369.15,0.00016881802,0.77030355
PC298,437.2125,0.00016876988,0.7704723
PC299,173.8375,0.00016862972,0.7706409
PC300,600.55,0.00016838327,0.7708093
PC301,341.2875,0.00016834395,0.7709776
PC302,217.05,0.00016821196,0.7711458
PC303,600.5375,0.00016809095,0.7713139
PC304,469.3,0.00016799431,0.7714819
PC305,353.2375,0.00016773138,0.7716496
PC306,267.15,0.0001677187,0.7718173
PC307,355.2125,0.00016766143,0.771985
PC308,323.125,0.00016759695,0.7721526
PC309,381.4,0.00016743013,0.77232003
PC310,353.2,0.00016739695,0.7724874
PC311,242.1875,0.00016731837,0.7726547
PC312,134.0,0.00016723454,0.77282196
PC313,269.25,0.00016718578,0.77298915
PC314,321.2375,0.00016689973,0.77315605
PC315,225.2,0.00016682486,0.7733229
PC316,213.2,0.00016680792,0.7734897
PC317,256.2375,0.00016668295,0.77365637
PC318,226.9,0.00016662959,0.773823
PC319,383.325,0.00016658552,0.7739896
PC320,239.2125,0.00016634319,0.774156
PC321,267.175,0.00016621765,0.7743222
PC322,355.2125,0.00016616503,0.7744884
PC323,160.0875,0.00016606449,0.77465445
PC324,383.25,0.0001659537,0.7748204
PC325,207.025,0.00016579074,0.7749862
PC326,369.1375,0.00016578154,0.77515197
PC327,299.2,0.00016568635,0.77531767
PC328,283.2625,0.00016561507,0.7754833
PC329,141.0,0.0001655524,0.7756489
PC330,337.2375,0.00016539039,0.7758143
PC331,413.275,0.00016533997,0.77597964
PC332,295.1875,0.00016526546,0.7761449
PC333,303.2375,0.00016512854,0.77631
PC334,213.2,0.0001651199,0.77647513
PC335,425.2875,0.00016498909,0.7766401
PC336,343.225,0.00016483663,0.7768049
PC337,171.8375,0.00016476166,0.7769697
PC338,419.15,0.00016474116,0.7771344
PC339,186.0125,0.0001645382,0.7772989
PC340,353.2,0.00016444024,0.7774634
PC341,327.25,0.00016439364,0.77762777
PC342,383.3375,0.0001642376,0.777792
PC343,162.9625,0.00016421758,0.7779562
PC344,138.0375,0.00016414456,0.77812034
PC345,228.2125,0.00016406935,0.77828443
PC346,307.05,0.00016394503,0.7784484
PC347,417.225,0.00016384036,0.77861226
PC348,164.85,0.00016374588,0.778776
PC349,389.125,0.0001636497,0.77893966
PC350,353.2375,0.00016361004,0.7791033
PC351,368.2625,0.00016348885,0.7792668
PC352,292.95,0.00016344835,0.7794302
PC353,601.55,0.0001633054,0.7795935
PC354,437.2125,0.0001632694,0.7797568
PC355,339.3375,0.00016314561,0.7799199
PC356,419.15,0.00016305673,0.780083
PC357,397.3375,0.00016300209,0.780246
PC358,369.3125,0.0001629419,0.780409
PC359,267.2375,0.00016290965,0.7805719
PC360,226.9,0.0001628058,0.78073466
PC361,297.2625,0.00016264545,0.7808973
PC362,228.225,0.00016255103,0.78105986
PC363,453.4125,0.00016248533,0.78122234
PC364,465.3125,0.00016238014,0.7813847
PC365,304.25,0.00016230755,0.781547
PC366,269.275,0.00016220652,0.7817092
PC367,269.275,0.00016219982,0.7818714
PC368,325.225,0.00016208274,0.78203344
PC369,253.0,0.00016201517,0.78219545
PC370,600.5375,0.00016195062,0.7823574
PC371,198.9375,0.00016189148,0.7825193
PC372,327.2625,0.00016179777,0.7826811
PC373,383.1625,0.00016172878,0.7828428
PC374,367.3875,0.00016164764,0.78300446
PC375,270.2625,0.00016151436,0.783166
PC376,198.9375,0.00016137594,0.78332734
PC377,217.0625,0.00016131683,0.78348863
PC378,391.125,0.0001611948,0.7836498
PC379,149.0,0.00016117626,0.783811
PC380,417.225,0.00016109327,0.7839721
PC381,242.2375,0.000161034,0.78413314
PC382,481.45,0.00016093376,0.78429407
PC383,347.0,0.00016091655,0.784455
PC384,367.3875,0.00016072602,0.78461576
PC385,367.3875,0.00016069232,0.78477645
PC386,367.3875,0.00016066681,0.78493714
PC387,383.1625,0.00016058845,0.7850977
PC388,152.05,0.00016039274,0.7852581
PC389,413.2625,0.00016033177,0.78541845
PC390,295.2,0.00016027491,0.7855787
PC391,298.1625,0.0001601616,0.7857389
PC392,355.2,0.0001600901,0.785899
PC393,439.4,0.00016006215,0.786059
PC394,343.2375,0.00015994358,0.78621894
PC395,202.05,0.00015990055,0.78637886
PC396,124.9,0.0001598348,0.7865387
PC397,167.85,0.00015973076,0.78669846
PC398,253.0,0.000159605,0.7868581
PC399,353.3625,0.00015957172,0.78701764
PC400,517.3375,0.00015956063,0.7871772
PC401,383.325,0.0001594543,0.78733665
PC402,269.1125,0.00015941578,0.7874961
PC403,257.25,0.00015922666,0.7876553
PC404,184.925,0.00015913956,0.78781444
PC405,323.125,0.00015906026,0.7879735
PC406,425.3875,0.0001589769,0.7881325
PC407,314.2125,0.00015887705,0.7882914
PC408,189.9875,0.00015879663,0.7884502
PC409,209.1,0.00015872321,0.7886089
PC410,227.2,0.00015862541,0.7887675
PC411,795.5875,0.00015855083,0.78892606
PC412,94.925,0.00015849198,0.78908455
PC413,162.85,0.00015836822,0.7892429
PC414,217.05,0.00015827367,0.7894012
PC415,304.25,0.00015823082,0.7895594
PC416,93.0625,0.00015814781,0.78971756
PC417,493.8875,0.0001581082,0.7898757
PC418,602.525,0.00015804777,0.79003376
PC419,383.325,0.00015798029,0.7901917
PC420,431.1625,0.00015789444,0.7903496
PC421,128.0375,0.00015781944,0.79050744
PC422,369.3125,0.00015768946,0.79066515
PC423,171.8375,0.00015764257,0.7908228
PC424,439.4,0.00015756954,0.7909804
PC425,852.525,0.00015749373,0.7911379
PC426,94.925,0.00015741188,0.7912953
PC427,242.2375,0.00015733177,0.79145265
PC428,389.125,0.00015723113,0.7916099
PC429,162.85,0.00015719958,0.79176706
PC430,369.1375,0.00015715558,0.79192424
PC431,296.0875,0.0001570724,0.7920813
PC432,383.1625,0.00015700648,0.7922383
PC433,794.5625,0.00015698116,0.7923953
PC434,439.4,0.0001568926,0.7925522
PC435,157.025,0.00015686195,0.79270905
PC436,310.2,0.00015674997,0.7928658
PC437,235.0,0.00015668894,0.7930225
PC438,225.2,0.00015654234,0.79317904
PC439,315.2125,0.0001564466,0.7933355
PC440,355.3,0.00015641039,0.7934919
PC441,465.3125,0.0001562428,0.7936481
PC442,369.325,0.00015620326,0.79380435
PC443,415.2625,0.0001561624,0.7939605
PC444,267.2375,0.00015612374,0.7941166
PC445,327.2125,0.0001560955,0.7942727
PC446,217.05,0.00015597149,0.7944287
PC447,201.125,0.00015593531,0.79458463
PC448,441.2625,0.00015583717,0.7947405
PC449,794.5875,0.00015576782,0.79489625
PC450,94.925,0.00015568701,0.79505193
PC451,682.625,0.00015565222,0.79520756
PC452,152.0375,0.00015561243,0.7953632
PC453,355.2125,0.00015554078,0.79551876
PC454,347.0,0.00015543326,0.7956742
PC455,794.5625,0.00015541055,0.7958296
PC456,794.6,0.000155308,0.7959849
PC457,267.2375,0.0001552513,0.7961402
PC458,383.2375,0.00015518586,0.7962954
PC459,366.25,0.00015514178,0.79645056
PC460,602.525,0.00015509212,0.79660565
PC461,323.175,0.00015494933,0.7967606
PC462,225.2,0.00015486809,0.7969155
PC463,269.225,0.00015480137,0.79707026
PC464,50.4125,0.0001547611,0.797225
PC465,292.95,0.00015470125,0.7973797
PC466,327.1875,0.00015461727,0.7975343
PC467,485.3,0.00015455921,0.79768884
PC468,369.0,0.00015453047,0.7978434
PC469,217.0375,0.00015445903,0.79799783
PC470,788.5625,0.00015439848,0.7981522
PC471,325.225,0.00015427555,0.79830647
PC472,307.275,0.00015424662,0.7984607
PC473,296.0875,0.00015415979,0.79861486
PC474,217.05,0.00015410488,0.79876894
PC475,441.2625,0.00015403329,0.79892296
PC476,511.4875,0.00015393099,0.7990769
PC477,666.0875,0.00015380894,0.7992307
PC478,173.0875,0.00015375468,0.7993845
PC479,188.9125,0.0001536956,0.7995382
PC480,369.15,0.0001535797,0.7996918
PC481,794.55,0.000153548,0.79984534
PC482,794.6,0.00015348205,0.7999988
PC483,297.2625,0.00015343053,0.80015224
PC484,337.2375,0.00015338969,0.8003056
PC485,415.275,0.00015331789,0.8004589
PC486,327.2125,0.00015323616,0.80061215
PC487,152.05,0.00015313986,0.8007653
PC488,343.2375,0.00015306172,0.80091834
PC489,441.2625,0.00015299252,0.80107135
PC490,398.25,0.0001529037,0.80122423
PC491,222.9125,0.00015289814,0.8013771
PC492,124.9,0.00015281116,0.80152994
PC493,425.375,0.00015275733,0.8016827
PC494,389.2625,0.00015269245,0.8018354
PC495,377.1125,0.00015261646,0.801988
PC496,600.55,0.00015256806,0.8021406
PC497,253.0,0.00015246222,0.80229306
PC498,766.6,0.00015241059,0.8024455
PC499,315.2125,0.000152368,0.8025978
PC500,341.275,0.00015226445,0.8027501
PC501,682.625,0.00015223038,0.80290234
PC502,397.35,0.00015218148,0.8030545
PC503,602.55,0.00015203124,0.80320656
PC504,382.25,0.00015202003,0.80335855
PC505,297.2625,0.00015193642,0.8035105
PC506,217.025,0.00015190768,0.8036624
PC507,134.0,0.00015186264,0.8038143
PC508,162.85,0.0001518363,0.8039661
PC509,197.975,0.00015179464,0.8041179
PC510,267.2375,0.0001516868,0.8042696
PC511,788.575,0.00015160146,0.8044212
PC512,257.25,0.00015150968,0.8045727
PC513,152.05,0.00015147761,0.80472416
PC514,228.225,0.00015146141,0.8048756
PC515,248.0875,0.00015135779,0.80502695
PC516,297.2625,0.00015128922,0.8051782
PC517,269.225,0.00015115886,0.8053294
PC518,517.3375,0.00015109697,0.8054805
PC519,202.05,0.00015104438,0.8056315
PC520,601.5375,0.00015096663,0.8057825
PC521,602.525,0.00015091684,0.8059334
PC522,421.25,0.00015082427,0.8060842
PC523,355.3,0.00015076781,0.80623496
PC524,509.3375,0.00015072356,0.8063857
PC525,844.675,0.0001506807,0.8065364
PC526,415.275,0.00015058155,0.80668694
PC527,602.525,0.00015054451,0.8068375
PC528,341.225,0.0001505123,0.806988
PC529,227.2,0.00015042578,0.80713844
PC530,343.225,0.00015038029,0.8072888
PC531,326.1875,0.00015034336,0.80743915
PC532,346.9875,0.0001503052,0.8075895
PC533,439.4,0.00015024518,0.80773973
PC534,93.0625,0.00015013601,0.8078899
PC535,393.3,0.00015007476,0.80803996
PC536,327.2375,0.00015004366,0.80819
PC537,313.25,0.00014999793,0.80834
PC538,215.0625,0.00014994795,0.80849
PC539,269.1125,0.00014991836,0.8086399
PC540,296.0875,0.00014982761,0.80878973
PC541,355.2,0.0001498144,0.8089395
PC542,395.2875,0.00014969033,0.8090892
PC543,354.2125,0.00014962279,0.8092388
PC544,225.0125,0.00014959408,0.8093884
PC545,129.0625,0.0001495235,0.80953795
PC546,360.2625,0.00014938595,0.8096873
PC547,353.3625,0.00014932445,0.8098366
PC548,600.55,0.00014931671,0.80998594
PC549,314.2125,0.00014923966,0.8101352
PC550,298.1625,0.0001492284,0.81028444
PC551,598.525,0.00014913845,0.81043357
PC552,852.5375,0.00014906364,0.81058264
PC553,329.2625,0.00014892174,0.81073153
PC554,94.9375,0.00014891707,0.8108804
PC555,369.15,0.00014886423,0.8110293
PC556,303.2625,0.00014880144,0.8111781
PC557,457.3375,0.00014865938,0.81132674
PC558,367.3625,0.00014861621,0.81147534
PC559,169.0,0.00014854738,0.8116239
PC560,369.325,0.00014850611,0.8117724
PC561,157.1375,0.0001484957,0.8119209
PC562,133.925,0.00014840046,0.8120693
PC563,187.0625,0.00014830695,0.8122176
PC564,481.45,0.00014829259,0.8123659
PC565,228.225,0.00014824024,0.8125141
PC566,354.2125,0.000148157,0.8126623
PC567,94.925,0.00014811351,0.8128104
PC568,294.1875,0.00014804667,0.8129585
PC569,253.0,0.00014798857,0.8131065
PC570,537.3625,0.00014793627,0.8132544
PC571,327.2125,0.00014793259,0.81340235
PC572,385.125,0.00014782028,0.8135502
PC573,110.9875,0.0001477637,0.81369793
PC574,415.275,0.00014769475,0.81384563
PC575,236.975,0.00014764411,0.8139933
PC576,197.0375,0.00014758777,0.81414086
PC577,425.2875,0.00014751792,0.8142884
PC578,266.15,0.00014745763,0.81443584
PC579,379.1,0.00014741965,0.81458324
PC580,481.45,0.00014735725,0.8147306
PC581,766.5875,0.0001472749,0.81487787
PC582,248.0875,0.00014721931,0.8150251
PC583,325.225,0.00014720131,0.8151723
PC584,355.3,0.00014708587,0.8153194
PC585,601.55,0.00014706889,0.81546646
PC586,226.8875,0.0001469791,0.81561345
PC587,138.0375,0.00014693507,0.8157604
PC588,465.3125,0.00014684352,0.81590724
PC589,391.2625,0.0001467754,0.816054
PC590,162.075,0.00014675267,0.81620073
PC591,417.15,0.00014673272,0.8163475
PC592,184.925,0.00014662619,0.8164941
PC593,341.1875,0.0001465655,0.8166407
PC594,190.925,0.00014651446,0.8167872
PC595,209.1,0.00014651242,0.8169337
PC596,392.275,0.00014645449,0.81708014
PC597,423.2,0.00014636095,0.8172265
PC598,393.2875,0.00014633787,0.81737286
PC599,243.175,0.00014622178,0.81751907
PC600,180.05,0.00014619048,0.8176653
PC601,393.1,0.00014614286,0.8178114
PC602,392.2875,0.00014609937,0.8179575
PC603,437.2125,0.0001460595,0.81810355
PC604,355.2125,0.00014596943,0.8182495
PC605,323.1625,0.00014593962,0.81839544
PC606,296.0875,0.00014589174,0.81854135
PC607,246.05,0.00014580344,0.81868714
PC608,425.2875,0.00014572401,0.8188329
PC609,395.3,0.00014567484,0.81897855
PC610,383.225,0.00014559952,0.81912416
PC611,62.0,0.0001455831,0.8192697
PC612,339.3375,0.0001454898,0.8194152
PC613,852.5375,0.00014543674,0.81956065
PC614,744.575,0.0001454176,0.8197061
PC615,391.1,0.00014527855,0.81985134
PC616,398.25,0.00014525953,0.8199966
PC617,201.125,0.00014519617,0.8201418
PC618,359.1625,0.00014518644,0.820287
PC619,152.0375,0.00014515461,0.8204321
PC620,248.1,0.00014512756,0.82057726
PC621,157.1375,0.00014507145,0.82072234
PC622,134.875,0.00014502283,0.82086736
PC623,235.0,0.00014491784,0.82101226
PC624,315.1875,0.00014488919,0.82115716
PC625,395.4125,0.00014480608,0.82130194
PC626,425.2875,0.00014475455,0.8214467
PC627,393.1125,0.0001447313,0.82159144
PC628,110.9875,0.00014462769,0.82173604
PC629,197.025,0.00014452328,0.8218806
PC630,197.0375,0.00014450245,0.82202506
PC631,94.9375,0.00014446415,0.82216954
PC632,138.0375,0.00014437965,0.8223139
PC633,327.225,0.00014435257,0.82245827
PC634,96.975,0.0001443358,0.8226026
PC635,217.05,0.00014422552,0.8227469
PC636,768.5625,0.0001441185,0.822891
PC637,338.85,0.00014408983,0.82303506
PC638,602.55,0.00014401492,0.82317907
PC639,162.85,0.00014398948,0.8233231
PC640,287.1625,0.00014392447,0.823467
PC641,383.25,0.00014388293,0.8236109
PC642,852.5375,0.00014384775,0.8237547
PC643,795.575,0.00014378015,0.8238985
PC644,369.15,0.00014373426,0.8240422
PC645,186.0125,0.00014366646,0.82418585
PC646,266.15,0.00014361656,0.82432944
PC647,307.2875,0.00014359276,0.824473
PC648,600.55,0.00014355712,0.82461655
PC649,363.225,0.0001434641,0.82476
PC650,199.175,0.00014342516,0.8249034
PC651,441.2875,0.00014339037,0.82504684
PC652,299.1625,0.0001432913,0.8251901
PC653,173.8375,0.00014322533,0.82533336
PC654,369.15,0.00014317321,0.8254765
PC655,397.2625,0.00014310455,0.82561964
PC656,197.0375,0.00014302606,0.8257627
PC657,766.6,0.00014299175,0.8259057
PC658,466.325,0.00014297182,0.8260487
PC659,392.2875,0.00014292193,0.8261916
PC660,213.2,0.00014286306,0.8263345
PC661,539.525,0.00014282661,0.8264773
PC662,795.5625,0.0001427832,0.8266201
PC663,599.525,0.00014272546,0.82676286
PC664,355.3125,0.00014269253,0.82690555
PC665,421.2375,0.00014261596,0.8270482
PC666,431.1625,0.0001425947,0.82719076
PC667,766.5875,0.0001424951,0.8273333
PC668,162.9875,0.00014248313,0.8274757
PC669,389.1,0.00014238135,0.8276181
PC670,171.85,0.00014234168,0.82776046
PC671,242.2375,0.00014228384,0.82790273
PC672,96.925,0.00014222904,0.82804495
PC673,96.9625,0.00014211726,0.82818705
PC674,282.275,0.00014211555,0.82832915
PC675,422.25,0.0001420351,0.8284712
PC676,226.8875,0.00014199906,0.82861316
PC677,425.3875,0.00014189219,0.8287551
PC678,393.2875,0.00014186377,0.82889694
PC679,519.175,0.00014181988,0.82903874
PC680,315.2125,0.0001417702,0.82918054
PC681,163.0,0.00014171231,0.8293223
PC682,389.125,0.00014167686,0.82946396
PC683,315.1875,0.00014166639,0.82960564
PC684,412.975,0.0001416133,0.82974726
PC685,397.3375,0.00014155058,0.8298888
PC686,600.525,0.0001415084,0.8300303
PC687,225.2,0.00014150572,0.8301718
PC688,341.275,0.00014143395,0.83031327
PC689,217.05,0.00014135677,0.83045465
PC690,419.1375,0.00014134128,0.83059597
PC691,253.0,0.0001412602,0.83073723
PC692,796.575,0.000141223,0.83087844
PC693,323.175,0.00014114696,0.8310196
PC694,188.9125,0.00014104259,0.8311606
PC695,165.05,0.00014102898,0.8313016
PC696,598.525,0.0001409821,0.8314426
PC697,602.525,0.0001409383,0.83158356
PC698,267.175,0.0001408891,0.83172446
PC699,715.5875,0.00014079073,0.83186525
PC700,744.5875,0.00014075238,0.832006
PC701,765.6,0.00014071225,0.8321467
PC702,60.0125,0.00014066232,0.8322874
PC703,252.9875,0.00014062051,0.832428
PC704,327.2375,0.00014055257,0.8325685
PC705,93.0625,0.00014053735,0.8327091
PC706,325.0125,0.0001404366,0.8328495
PC707,299.2125,0.00014039064,0.8329899
PC708,425.2875,0.00014036093,0.83313024
PC709,197.975,0.00014032105,0.83327055
PC710,323.1625,0.00014029849,0.83341086
PC711,383.325,0.00014022709,0.8335511
PC712,243.175,0.00014015591,0.83369124
PC713,337.1625,0.00014009436,0.8338313
PC714,411.2625,0.00014007161,0.8339714
PC715,307.05,0.0001400268,0.8341114
PC716,350.1375,0.00013993234,0.83425134
PC717,393.2875,0.00013989993,0.83439124
PC718,257.25,0.00013986486,0.8345311
PC719,327.1875,0.000139839,0.83467096
PC720,389.125,0.00013978966,0.83481073
PC721,377.0875,0.00013969667,0.83495045
PC722,157.1,0.00013968258,0.8350901
PC723,270.275,0.00013963158,0.83522975
PC724,228.9,0.00013954913,0.8353693
PC725,794.6,0.00013948888,0.83550876
PC726,57.0,0.0001394838,0.83564824
PC727,431.1625,0.00013942241,0.83578765
PC728,297.2625,0.00013933657,0.835927
PC729,888.65,0.00013930463,0.8360663
PC730,343.225,0.00013927485,0.8362056
PC731,160.0875,0.00013916718,0.8363448
PC732,379.1,0.00013915352,0.83648396
PC733,355.225,0.00013912602,0.8366231
PC734,297.25,0.00013908486,0.83676213
PC735,299.1875,0.00013907258,0.8369012
PC736,174.825,0.00013901229,0.8370402
PC737,337.2,0.00013892836,0.8371791
PC738,186.0125,0.00013885325,0.837318
PC739,197.975,0.00013877814,0.83745676
PC740,51.725,0.0001387633,0.8375955
PC741,794.5875,0.00013871807,0.8377342
PC742,134.875,0.0001386625,0.83787286
PC743,601.5375,0.0001386303,0.8380115
PC744,412.9875,0.00013858594,0.8381501
PC745,257.25,0.00013849974,0.8382886
PC746,182.0,0.00013848694,0.83842707
PC747,162.95,0.00013842653,0.83856547
PC748,355.2125,0.00013838029,0.8387039
PC749,341.2875,0.00013835328,0.8388422
PC750,383.175,0.00013827601,0.8389805
PC751,180.925,0.00013826706,0.8391188
PC752,197.025,0.00013818107,0.83925694
PC753,211.05,0.00013815174,0.8393951
PC754,684.6125,0.00013805504,0.83953315
PC755,307.275,0.00013799721,0.83967113
PC756,602.55,0.00013795811,0.8398091
PC757,311.1625,0.00013792416,0.83994704
PC758,681.55,0.00013789958,0.84008497
PC759,750.575,0.00013778337,0.8402228
PC760,417.1375,0.0001377311,0.8403605
PC761,309.3,0.00013769828,0.8404982
PC762,236.9875,0.00013758661,0.8406358
PC763,846.675,0.00013754918,0.84077334
PC764,367.275,0.00013750445,0.84091085
PC765,796.575,0.00013742207,0.8410483
PC766,395.4,0.00013740029,0.8411857
PC767,745.5875,0.00013738924,0.8413231
PC768,429.3125,0.00013732736,0.8414604
PC769,437.2625,0.00013719892,0.8415976
PC770,765.5625,0.00013719371,0.8417348
PC771,51.85,0.00013716375,0.841872
PC772,453.3,0.00013711039,0.84200907
PC773,117.025,0.00013703661,0.8421461
PC774,228.2125,0.00013699783,0.84228307
PC775,419.125,0.00013694477,0.84242004
PC776,367.2,0.00013684778,0.8425569
PC777,280.1875,0.00013683498,0.84269375
PC778,258.95,0.00013678224,0.84283054
PC779,161.0875,0.00013673064,0.8429673
PC780,846.675,0.00013668396,0.84310395
PC781,187.0625,0.00013663154,0.84324056
PC782,169.85,0.00013660111,0.8433772
PC783,862.65,0.00013657652,0.8435137
PC784,325.225,0.0001365253,0.8436503
PC785,55.2,0.00013644127,0.8437867
PC786,794.6,0.00013641454,0.84392315
PC787,169.0,0.00013631955,0.84405947
PC788,262.9125,0.00013628665,0.8441958
PC789,371.2625,0.00013626383,0.84433204
PC790,141.0,0.00013624982,0.8444683
PC791,67.475,0.0001361939,0.8446045
PC792,225.0125,0.00013615438,0.8447406
PC793,197.975,0.00013601482,0.84487665
PC794,357.2125,0.0001359773,0.8450126
PC795,254.225,0.00013594715,0.84514856
PC796,267.15,0.00013589856,0.84528446
PC797,395.4125,0.00013589462,0.84542036
PC798,457.3375,0.00013586042,0.8455562
PC799,575.375,0.00013574315,0.8456919
PC800,298.1625,0.0001357088,0.84582764
PC801,507.3375,0.0001356798,0.8459633
PC802,269.225,0.00013563434,0.84609896
PC803,71.375,0.00013560306,0.84623456
PC804,766.5375,0.00013557827,0.84637016
PC805,383.225,0.00013552968,0.8465057
PC806,268.8125,0.00013548962,0.8466412
PC807,50.2375,0.0001354565,0.84677666
PC808,854.5375,0.00013541723,0.8469121
PC809,311.1625,0.0001353819,0.84704745
PC810,439.4,0.0001353794,0.8471828
PC811,441.2875,0.00013526408,0.84731805
PC812,744.575,0.00013521925,0.8474533
PC813,339.35,0.0001351859,0.8475885
PC814,323.2125,0.00013517361,0.84772366
PC815,121.05,0.0001350435,0.8478587
PC816,297.25,0.00013501852,0.84799373
PC817,323.1625,0.00013497299,0.8481287
PC818,744.5875,0.00013495496,0.8482636
PC819,269.1125,0.00013491858,0.84839857
PC820,184.0125,0.00013486104,0.84853345
PC821,795.5875,0.00013480394,0.8486683
PC822,603.525,0.00013475391,0.84880304
PC823,129.05,0.00013470551,0.84893775
PC824,852.5375,0.00013464171,0.8490724
PC825,233.1625,0.0001346069,0.849207
PC826,340.2375,0.00013454106,0.8493415
PC827,256.2375,0.0001344556,0.849476
PC828,339.3375,0.0001344224,0.8496104
PC829,50.9,0.00013436971,0.84974474
PC830,270.275,0.000134307,0.849879
PC831,603.5,0.00013428173,0.8500133
PC832,216.9125,0.000134183,0.8501475
PC833,297.1875,0.00013413768,0.8502816
PC834,141.0,0.00013411108,0.8504157
PC835,398.25,0.00013408407,0.8505498
PC836,248.9875,0.0001340492,0.85068387
PC837,411.175,0.00013403103,0.8508179
PC838,441.2625,0.00013396339,0.8509519
PC839,425.2875,0.00013390192,0.85108584
PC840,311.1625,0.00013388904,0.8512197
PC841,62.975,0.00013385361,0.8513536
PC842,467.425,0.00013382015,0.8514874
PC843,392.2875,0.00013369706,0.8516211
PC844,368.9875,0.00013364959,0.8517547
PC845,367.15,0.00013362484,0.85188836
PC846,299.2,0.00013360512,0.852022
PC847,415.2875,0.00013352539,0.8521555
PC848,166.0625,0.00013348598,0.852289
PC849,395.4125,0.00013343485,0.8524225
PC850,245.1625,0.00013341216,0.8525559
PC851,371.2625,0.00013336798,0.85268927
PC852,269.25,0.00013332562,0.8528226
PC853,327.175,0.00013330324,0.8529559
PC854,171.85,0.00013320881,0.8530891
PC855,441.2625,0.00013320126,0.8532223
PC856,129.0625,0.00013315266,0.85335547
PC857,59.9,0.0001331055,0.85348856
PC858,174.85,0.00013308774,0.85362166
PC859,393.1,0.00013307367,0.85375476
PC860,96.975,0.00013299372,0.85388774
PC861,767.5875,0.00013295744,0.8540207
PC862,184.0125,0.00013291008,0.85415363
PC863,267.2375,0.00013289077,0.85428655
PC864,190.9125,0.00013278073,0.85441935
PC865,467.425,0.00013271096,0.8545521
PC866,459.2875,0.00013269036,0.85468477
PC867,369.15,0.00013263394,0.8548174
PC868,157.025,0.00013258237,0.85494995
PC869,355.2125,0.0001325734,0.8550825
PC870,437.2625,0.00013255692,0.8552151
PC871,381.4,0.00013248151,0.8553476
PC872,310.2,0.00013244366,0.85548
PC873,248.9875,0.00013243472,0.85561246
PC874,613.4125,0.00013237834,0.85574484
PC875,329.175,0.00013229069,0.8558771
PC876,197.975,0.00013223341,0.85600936
PC877,63.65,0.0001322076,0.85614157
PC878,423.2,0.00013217764,0.8562738
PC879,311.1625,0.0001321569,0.8564059
PC880,353.3625,0.00013206176,0.856538
PC881,236.9875,0.00013201655,0.85667
PC882,387.1125,0.00013194482,0.856802
PC883,810.5625,0.00013191743,0.8569339
PC884,381.4,0.0001318514,0.85706574
PC885,119.9625,0.00013181649,0.8571976
PC886,86.8875,0.00013175159,0.8573293
PC887,271.25,0.00013174248,0.85746104
PC888,332.9375,0.00013168497,0.8575927
PC889,366.2625,0.00013165004,0.85772437
PC890,189.9875,0.00013160451,0.857856
PC891,321.2375,0.00013154779,0.8579875
PC892,311.1625,0.00013152919,0.8581191
PC893,182.0,0.00013148818,0.85825056
PC894,298.175,0.00013142872,0.858382
PC895,539.525,0.00013138668,0.85851336
PC896,385.125,0.00013131846,0.85864466
PC897,248.9875,0.00013126877,0.8587759
PC898,96.925,0.00013125347,0.85890716
PC899,235.0,0.00013121584,0.85903835
PC900,53.1375,0.00013119046,0.85916954
PC901,381.3875,0.00013112152,0.8593007
PC902,465.3125,0.00013110459,0.8594318
PC903,152.05,0.00013097351,0.85956275
PC904,159.1125,0.00013091584,0.85969365
PC905,363.25,0.00013088342,0.85982454
PC906,796.5625,0.00013087755,0.85995543
PC907,666.0875,0.00013083966,0.86008626
PC908,575.375,0.00013078724,0.86021703
PC909,715.5875,0.0001307679,0.8603478
PC910,797.575,0.00013070599,0.8604785
PC911,138.05,0.0001306845,0.86060923
PC912,185.1625,0.0001306124,0.8607398
PC913,52.1375,0.00013059205,0.8608704
PC914,795.55,0.00013050773,0.86100096
PC915,248.9875,0.00013045406,0.8611314
PC916,267.175,0.00013043475,0.86126184
PC917,599.525,0.00013039383,0.86139226
PC918,323.175,0.00013036067,0.8615226
PC919,366.25,0.00013032614,0.861653
PC920,66.0125,0.00013027931,0.86178327
PC921,186.0625,0.00013024607,0.8619135
PC922,794.5625,0.00013020197,0.8620437
PC923,151.0375,0.00013017081,0.86217386
PC924,95.3375,0.00013015921,0.86230403
PC925,415.2875,0.000130082,0.8624341
PC926,744.5625,0.00013004486,0.86256415
PC927,327.175,0.00013000502,0.86269414
PC928,412.975,0.0001299402,0.8628241
PC929,844.6875,0.00012990856,0.862954
PC930,180.05,0.00012980783,0.86308384
PC931,391.2625,0.00012978214,0.8632136
PC932,69.4375,0.0001297437,0.86334336
PC933,354.2125,0.00012969709,0.86347306
PC934,885.5875,0.00012967903,0.86360276
PC935,329.175,0.00012963363,0.8637324
PC936,744.5875,0.0001295912,0.863862
PC937,398.25,0.0001295383,0.8639915
PC938,465.3125,0.00012950532,0.864121
PC939,188.0,0.0001294581,0.8642505
PC940,389.125,0.0001293715,0.8643798
PC941,354.2375,0.00012936749,0.86450917
PC942,767.5875,0.00012932178,0.8646385
PC943,327.2375,0.00012928942,0.8647678
PC944,57.75,0.00012921877,0.864897
PC945,399.25,0.00012913799,0.8650262
PC946,297.15,0.0001291248,0.8651553
PC947,68.7125,0.00012905584,0.8652843
PC948,354.2375,0.00012903736,0.86541337
PC949,329.2,0.00012902975,0.8655424
PC950,393.3,0.00012896663,0.8656714
PC951,299.1875,0.00012890915,0.8658003
PC952,271.2375,0.00012882671,0.8659291
PC953,378.1,0.00012882386,0.86605793
PC954,765.575,0.00012879803,0.86618674
PC955,213.2,0.00012876524,0.8663155
PC956,132.875,0.00012871827,0.86644423
PC957,235.0,0.00012870287,0.8665729
PC958,355.2,0.00012867236,0.8667016
PC959,55.4625,0.00012863126,0.8668302
PC960,795.575,0.0001285279,0.86695874
PC961,844.6625,0.00012844037,0.8670872
PC962,427.325,0.00012840556,0.8672156
PC963,369.3125,0.00012838987,0.86734396
PC964,128.9,0.00012836659,0.86747235
PC965,128.0375,0.00012831253,0.8676007
PC966,322.875,0.00012829948,0.867729
PC967,513.325,0.00012823944,0.8678573
PC968,186.0,0.00012820221,0.8679855
PC969,199.1875,0.00012815063,0.86811364
PC970,327.2625,0.00012812523,0.8682418
PC971,381.3875,0.0001280858,0.8683699
PC972,846.675,0.000128031,0.8684979
PC973,343.225,0.00012794732,0.8686259
PC974,327.1875,0.00012792082,0.8687538
PC975,243.175,0.00012785902,0.86888164
PC976,788.6,0.00012784023,0.8690095
PC977,602.55,0.00012776868,0.8691373
PC978,240.0625,0.0001277126,0.869265
PC979,377.0875,0.00012768015,0.8693927
PC980,574.5,0.00012765666,0.86952037
PC981,162.075,0.00012756212,0.8696479
PC982,267.175,0.00012754322,0.8697755
PC983,383.2375,0.00012749922,0.86990297
PC984,314.2125,0.00012745977,0.8700304
PC985,601.55,0.00012743923,0.87015784
PC986,327.225,0.0001273853,0.8702852
PC987,844.675,0.000127323,0.8704125
PC988,763.575,0.00012727352,0.8705398
PC989,744.575,0.00012726052,0.87066704
PC990,368.2625,0.00012719832,0.87079424
PC991,69.0,0.00012718153,0.87092143
PC992,269.25,0.00012712201,0.87104857
PC993,297.25,0.00012709832,0.87117565
PC994,501.15,0.00012706062,0.8713027
PC995,77.05,0.00012701309,0.87142974
PC996,90.0375,0.0001269902,0.87155676
PC997,396.175,0.00012694558,0.8716837
PC998,393.2625,0.0001268825,0.8718106
PC999,365.275,0.00012680549,0.8719374
PC1000,207.95,0.00012675536,0.8720642
PC1001,585.3875,0.00012673512,0.8721909
PC1002,160.0875,0.000126708,0.8723176
PC1003,54.4625,0.00012665856,0.8724443
PC1004,844.675,0.00012664609,0.87257093
PC1005,415.275,0.00012657339,0.87269753
PC1006,239.075,0.00012652494,0.8728241
PC1007,341.25,0.00012646169,0.87295055
PC1008,63.725,0.00012643656,0.873077
PC1009,195.075,0.00012639716,0.8732034
PC1010,129.0625,0.00012632937,0.8733297
PC1011,847.675,0.00012630264,0.873456
PC1012,298.075,0.00012629529,0.8735823
PC1013,439.25,0.0001262338,0.87370855
PC1014,60.6625,0.0001261711,0.8738347
PC1015,68.2625,0.00012612356,0.87396085
PC1016,439.25,0.0001261147,0.874087
PC1017,225.0125,0.00012606404,0.87421304
PC1018,201.0875,0.00012602973,0.87433904
PC1019,64.2375,0.0001259791,0.87446505
PC1020,419.1375,0.00012595156,0.874591
PC1021,96.9625,0.00012592286,0.87471694
PC1022,425.3875,0.00012586731,0.8748428
PC1023,62.0,0.00012581806,0.87496865
PC1024,765.5875,0.00012581125,0.8750945
PC1025,413.275,0.00012572958,0.8752202
PC1026,682.6125,0.00012570346,0.8753459
PC1027,145.075,0.00012565678,0.87547153
PC1028,96.9375,0.00012558098,0.8755971
PC1029,51.4,0.00012555633,0.87572265
PC1030,852.5375,0.00012551465,0.8758482
PC1031,377.1875,0.00012548127,0.87597364
PC1032,519.175,0.00012539505,0.87609905
PC1033,888.675,0.00012534541,0.8762244
PC1034,124.9,0.00012531198,0.8763497
PC1035,56.625,0.00012527277,0.876475
PC1036,598.5375,0.00012521906,0.8766002
PC1037,180.05,0.00012516565,0.8767254
PC1038,391.1,0.00012512952,0.8768505
PC1039,69.0,0.00012510348,0.8769756
PC1040,355.125,0.00012507179,0.87710065
PC1041,746.65,0.0001250349,0.8772257
PC1042,311.1625,0.00012500731,0.8773507
PC1043,162.95,0.00012497755,0.8774757
PC1044,794.55,0.0001249259,0.8776006
PC1045,292.95,0.00012486523,0.8777255
PC1046,311.1625,0.00012483668,0.8778503
PC1047,441.2625,0.00012481949,0.8779751
PC1048,56.3375,0.0001247487,0.87809986
PC1049,854.525,0.0001247244,0.8782246
PC1050,55.9,0.00012469101,0.8783493
PC1051,481.3125,0.00012462478,0.87847394
PC1052,137.025,0.00012461861,0.8785986
PC1053,162.975,0.00012452928,0.8787231
PC1054,368.375,0.00012451441,0.8788476
PC1055,66.6,0.00012445755,0.87897205
PC1056,417.1375,0.00012444747,0.8790965
PC1057,744.575,0.00012438215,0.8792209
PC1058,368.2625,0.0001243436,0.87934524
PC1059,297.25,0.00012427926,0.8794695
PC1060,61.45,0.00012424347,0.87959373
PC1061,209.1,0.00012422659,0.87971795
PC1062,167.85,0.0001241816,0.8798421
PC1063,201.0875,0.00012414817,0.87996626
PC1064,415.2625,0.00012411484,0.88009036
PC1065,64.075,0.00012407666,0.88021445
PC1066,228.2125,0.00012401505,0.8803385
PC1067,315.1875,0.00012399093,0.88046247
PC1068,602.525,0.00012393559,0.8805864
PC1069,61.325,0.00012390627,0.8807103
PC1070,365.1875,0.00012388901,0.8808342
PC1071,301.225,0.00012383131,0.8809581
PC1072,137.025,0.0001237634,0.8810818
PC1073,321.2375,0.00012372855,0.88120556
PC1074,269.275,0.00012368604,0.88132924
PC1075,75.475,0.00012366034,0.8814529
PC1076,417.15,0.00012364352,0.88157654
PC1077,51.775,0.0001235592,0.8817001
PC1078,283.2625,0.00012354684,0.88182366
PC1079,299.2125,0.00012352015,0.88194716
PC1080,56.7875,0.00012344809,0.8820706
PC1081,52.2875,0.00012342143,0.88219404
PC1082,225.2,0.00012339925,0.8823174
PC1083,323.1625,0.00012330328,0.88244075
PC1084,340.2375,0.00012328257,0.882564
PC1085,681.55,0.00012324553,0.8826873
PC1086,327.175,0.00012319563,0.8828105
PC1087,700.55,0.00012317413,0.8829337
PC1088,61.55,0.0001231008,0.88305676
PC1089,794.6,0.00012302594,0.8831798
PC1090,491.8875,0.00012298253,0.88330275
PC1091,66.5625,0.00012294989,0.8834257
PC1092,573.3625,0.00012291127,0.8835486
PC1093,598.5375,0.00012290363,0.8836715
PC1094,235.0,0.00012286582,0.88379437
PC1095,794.5625,0.00012280473,0.88391715
PC1096,94.9375,0.00012279105,0.88403994
PC1097,50.5375,0.00012272997,0.88416266
PC1098,847.6875,0.00012270139,0.8842854
PC1099,598.5375,0.00012263891,0.88440806
PC1100,599.525,0.00012262893,0.88453066
PC1101,602.5375,0.00012256447,0.8846532
PC1102,295.2,0.00012251931,0.88477576
PC1103,327.225,0.00012246345,0.88489825
PC1104,61.35,0.00012244037,0.8850207
PC1105,86.525,0.00012236173,0.88514304
PC1106,58.6,0.00012231502,0.88526535
PC1107,51.05,0.00012226916,0.8853876
PC1108,347.0,0.00012221474,0.8855098
PC1109,602.525,0.0001221938,0.885632
PC1110,248.9875,0.00012214403,0.8857541
PC1111,52.2875,0.00012208804,0.8858762
PC1112,54.3,0.00012205113,0.88599825
PC1113,53.25,0.000122026264,0.88612026
PC1114,383.3375,0.00012201361,0.8862423
PC1115,242.225,0.00012194238,0.8863642
PC1116,393.1125,0.00012192603,0.8864862
PC1117,788.5625,0.000121898986,0.88660806
PC1118,60.0375,0.000121871155,0.88672996
PC1119,844.675,0.00012181343,0.8868518
PC1120,332.95,0.00012178379,0.88697356
PC1121,173.8375,0.00012173484,0.8870953
PC1122,307.175,0.00012168677,0.887217
PC1123,57.3125,0.0001216792,0.88733864
PC1124,297.2625,0.00012160192,0.88746023
PC1125,766.55,0.000121594916,0.8875818
PC1126,360.2625,0.00012156697,0.8877034
PC1127,80.225,0.0001214874,0.8878249
PC1128,222.9125,0.0001214455,0.88794637
PC1129,395.1125,0.00012142621,0.8880678
PC1130,280.25,0.00012138243,0.88818914
PC1131,166.025,0.000121328434,0.8883105
PC1132,391.2625,0.0001212971,0.8884318
PC1133,441.25,0.0001212751,0.8885531
PC1134,415.15,0.000121263474,0.8886743
PC1135,794.5625,0.00012115922,0.8887955
PC1136,796.5625,0.00012114068,0.8889166
PC1137,397.1875,0.000121084544,0.88903767
PC1138,184.0125,0.00012103865,0.8891587
PC1139,303.2625,0.000121001416,0.8892797
PC1140,315.1875,0.000120945966,0.88940066
PC1141,185.1375,0.000120930104,0.8895216
PC1142,299.2125,0.00012091643,0.88964254
PC1143,89.9375,0.00012088307,0.8897634
PC1144,53.5875,0.000120866964,0.8898843
PC1145,339.1875,0.000120786804,0.89000505
PC1146,354.2375,0.000120714496,0.89012575
PC1147,213.1625,0.0001206869,0.89024645
PC1148,393.3,0.00012066868,0.8903671
PC1149,166.0625,0.00012059944,0.8904877
PC1150,354.2375,0.00012057163,0.89060825
PC1151,59.825,0.0001205558,0.89072883
PC1152,499.3875,0.00012052524,0.89084935
PC1153,169.8375,0.00012045035,0.8909698
PC1154,271.2375,0.000120433004,0.8910903
PC1155,788.575,0.00012039563,0.8912107
PC1156,53.9375,0.00012034829,0.891331
PC1157,357.2125,0.00012033272,0.89145136
PC1158,68.0125,0.000120308534,0.89157164
PC1159,355.3,0.000120229946,0.89169186
PC1160,188.1125,0.00012022331,0.8918121
PC1161,51.05,0.00012017006,0.89193225
PC1162,56.05,0.000120141936,0.8920524
PC1163,513.325,0.000120067525,0.89217246
PC1164,387.1,0.000120064506,0.8922925
PC1165,327.2375,0.000120013596,0.8924125
PC1166,321.2375,0.00012000486,0.89253247
PC1167,795.575,0.000119936034,0.8926524
PC1168,217.0375,0.000119899276,0.8927723
PC1169,367.2375,0.000119895485,0.89289224
PC1170,54.475,0.000119868964,0.8930121
PC1171,134.875,0.000119829136,0.8931319
PC1172,361.0875,0.0001197805,0.8932517
PC1173,750.575,0.000119721764,0.89337146
PC1174,62.7375,0.000119666525,0.89349115
PC1175,184.925,0.000119651195,0.8936108
PC1176,796.5625,0.000119616154,0.8937304
PC1177,67.025,0.00011959143,0.89384997
PC1178,269.25,0.00011952602,0.8939695
PC1179,60.6625,0.000119471726,0.8940889
PC1180,852.525,0.00011943237,0.8942084
PC1181,235.0,0.000119388824,0.89432776
PC1182,399.2,0.00011932616,0.8944471
PC1183,321.2375,0.000119282195,0.89456636
PC1184,684.6375,0.000119222466,0.89468557
PC1185,684.625,0.00011919606,0.8948048
PC1186,281.0,0.000119146665,0.8949239
PC1187,343.2375,0.00011910643,0.895043
PC1188,751.5625,0.00011904125,0.89516205
PC1189,466.325,0.00011899498,0.895281
PC1190,91.2125,0.00011895844,0.8954
PC1191,283.2625,0.00011893888,0.8955189
PC1192,385.15,0.00011889722,0.8956378
PC1193,157.025,0.00011885788,0.89575666
PC1194,888.675,0.00011881434,0.89587545
PC1195,890.65,0.000118796444,0.89599425
PC1196,217.0625,0.00011876636,0.89611304
PC1197,52.9,0.00011872472,0.8962318
PC1198,50.25,0.00011868266,0.89635044
PC1199,417.2375,0.000118646516,0.8964691
PC1200,217.0125,0.00011856443,0.89658767
PC1201,269.225,0.000118555174,0.8967062
PC1202,152.0375,0.000118534685,0.8968248
PC1203,63.8875,0.00011846908,0.8969433
PC1204,51.425,0.000118437776,0.8970617
PC1205,766.5375,0.00011842532,0.89718014
PC1206,337.1875,0.00011837378,0.8972985
PC1207,906.6625,0.00011835238,0.8974169
PC1208,368.275,0.000118281576,0.89753515
PC1209,61.8375,0.00011825987,0.8976534
PC1210,171.125,0.00011819889,0.8977716
PC1211,71.2375,0.000118186654,0.8978898
PC1212,341.275,0.00011809282,0.89800787
PC1213,355.225,0.00011806988,0.89812595
PC1214,124.9125,0.000118047355,0.898244
PC1215,50.925,0.000118000986,0.89836204
PC1216,447.1125,0.00011795243,0.89848
PC1217,60.0,0.00011790776,0.8985979
PC1218,794.5625,0.000117882555,0.8987158
PC1219,267.175,0.00011785167,0.89883363
PC1220,844.6875,0.000117833144,0.8989515
PC1221,467.425,0.00011777775,0.89906925
PC1222,848.65,0.00011775356,0.899187
PC1223,381.3875,0.00011769269,0.89930475
PC1224,79.025,0.00011767482,0.8994224
PC1225,412.9875,0.000117667165,0.89954007
PC1226,462.875,0.00011756938,0.8996576
PC1227,493.8875,0.00011754178,0.89977515
PC1228,197.0375,0.00011752647,0.8998927
PC1229,417.1375,0.00011748696,0.90001017
PC1230,519.4125,0.00011745959,0.90012765
PC1231,280.1875,0.00011740886,0.9002451
PC1232,66.9375,0.00011736622,0.90036243
PC1233,397.3375,0.000117342664,0.9004798
PC1234,188.0,0.00011728644,0.9005971
PC1235,395.4125,0.0001172605,0.90071434
PC1236,613.4125,0.0001171991,0.9008315
PC1237,267.15,0.000117171585,0.9009487
PC1238,786.5375,0.00011713514,0.9010658
PC1239,311.3,0.000117120486,0.90118295
PC1240,601.5375,0.000117086005,0.9013
PC1241,351.15,0.00011703969,0.9014171
PC1242,180.05,0.00011701075,0.9015341
PC1243,74.65,0.000116979165,0.9016511
PC1244,175.0125,0.0001169489,0.901768
PC1245,52.675,0.000116902,0.9018849
PC1246,417.15,0.0001168519,0.90200174
PC1247,326.1875,0.00011681834,0.90211856
PC1248,397.225,0.000116776864,0.9022353
PC1249,415.2625,0.000116755684,0.9023521
PC1250,457.3375,0.00011672605,0.9024688
PC1251,398.35,0.00011664524,0.90258545
PC1252,417.2875,0.0001165922,0.90270203
PC1253,379.0875,0.00011653119,0.90281856
PC1254,76.9875,0.000116480274,0.902935
PC1255,217.05,0.00011647377,0.9030515
PC1256,666.1,0.00011642633,0.9031679
PC1257,64.5875,0.00011636828,0.90328425
PC1258,795.6,0.00011634142,0.9034006
PC1259,766.5625,0.000116319374,0.90351695
PC1260,231.15,0.000116273455,0.90363324
PC1261,145.075,0.00011623807,0.90374947
PC1262,56.0375,0.00011620886,0.9038657
PC1263,327.2375,0.00011617655,0.90398186
PC1264,369.1375,0.000116117255,0.904098
PC1265,227.0125,0.000116095995,0.9042141
PC1266,409.2875,0.00011607594,0.90433013
PC1267,96.9625,0.00011599355,0.9044461
PC1268,67.8,0.00011594382,0.90456206
PC1269,53.825,0.00011593084,0.904678
PC1270,683.6125,0.00011587668,0.90479386
PC1271,63.9875,0.000115836236,0.9049097
PC1272,50.2375,0.00011580917,0.9050255
PC1273,197.0375,0.000115772884,0.90514123
PC1274,53.3625,0.0001157231,0.905257
PC1275,745.5875,0.00011569143,0.9053727
PC1276,159.1125,0.000115668976,0.9054884
PC1277,187.1,0.00011559575,0.90560395
PC1278,602.5375,0.00011556193,0.9057195
PC1279,253.0,0.000115549316,0.9058351
PC1280,848.6875,0.0001154964,0.9059506
PC1281,383.325,0.00011547431,0.90606606
PC1282,269.225,0.00011544916,0.9061815
PC1283,321.2375,0.00011537069,0.9062969
PC1284,313.25,0.00011535224,0.90641224
PC1285,65.5875,0.00011531545,0.9065276
PC1286,164.85,0.00011526942,0.90664285
PC1287,794.6,0.0001152625,0.9067581
PC1288,768.5375,0.000115217445,0.90687335
PC1289,602.5375,0.000115142306,0.9069885
PC1290,337.2,0.0001150908,0.9071036
PC1291,201.125,0.00011505857,0.90721864
PC1292,63.4125,0.00011503737,0.9073337
PC1293,186.0625,0.0001149922,0.90744865
PC1294,236.975,0.00011496145,0.9075636
PC1295,57.0,0.000114954695,0.9076786
PC1296,88.3375,0.000114917166,0.9077935
PC1297,209.1125,0.000114868475,0.9079084
PC1298,367.275,0.000114837036,0.90802324
PC1299,53.1125,0.0001148217,0.90813804
PC1300,225.0625,0.00011478943,0.90825284
PC1301,366.2625,0.00011470238,0.9083675
PC1302,389.2625,0.00011469269,0.9084822
PC1303,365.075,0.0001146742,0.9085969
PC1304,367.2375,0.00011461722,0.9087115
PC1305,557.35,0.00011459206,0.9088261
PC1306,890.6625,0.00011455329,0.9089407
PC1307,852.5375,0.00011452058,0.9090552
PC1308,57.8875,0.00011449382,0.9091697
PC1309,573.3625,0.00011444268,0.9092841
PC1310,294.2125,0.00011441774,0.90939856
PC1311,459.2875,0.000114387265,0.90951294
PC1312,411.2625,0.00011429419,0.90962726
PC1313,50.25,0.00011424421,0.9097415
PC1314,56.1875,0.00011419213,0.9098557
PC1315,94.925,0.00011416157,0.90996987
PC1316,252.9875,0.000114138194,0.910084
PC1317,267.2375,0.000114092174,0.9101981
PC1318,280.1875,0.00011407159,0.9103122
PC1319,72.2,0.00011402897,0.9104262
PC1320,54.8625,0.00011400942,0.9105402
PC1321,796.5875,0.00011391241,0.9106541
PC1322,72.15,0.00011389993,0.91076803
PC1323,394.275,0.00011388093,0.91088194
PC1324,64.9125,0.00011384816,0.9109958
PC1325,477.35,0.00011378597,0.91110957
PC1326,585.3875,0.00011372591,0.9112233
PC1327,215.0625,0.00011371134,0.911337
PC1328,50.2625,0.00011364069,0.9114507
PC1329,327.25,0.00011361614,0.9115643
PC1330,575.375,0.000113593145,0.9116779
PC1331,52.45,0.000113545626,0.91179144
PC1332,267.15,0.000113531496,0.911905
PC1333,329.2625,0.00011348361,0.9120185
PC1334,96.6375,0.000113445814,0.9121319
PC1335,341.1875,0.000113427435,0.91224533
PC1336,519.175,0.00011340119,0.91235876
PC1337,96.975,0.00011334017,0.9124721
PC1338,322.225,0.00011332783,0.91258544
PC1339,353.175,0.000113278875,0.91269875
PC1340,82.35,0.00011319467,0.91281193
PC1341,795.575,0.00011317999,0.9129251
PC1342,280.1875,0.000113141105,0.91303825
PC1343,97.3125,0.00011308331,0.9131513
PC1344,821.575,0.00011307613,0.9132644
PC1345,325.175,0.000113036,0.9133774
PC1346,99.3375,0.000113007285,0.9134904
PC1347,517.3375,0.000112990856,0.9136034
PC1348,762.6125,0.00011294296,0.9137164
PC1349,314.1875,0.000112895854,0.91382927
PC1350,87.475,0.000112855916,0.9139421
PC1351,134.9375,0.000112802765,0.91405493
PC1352,848.7,0.00011274074,0.91416764
PC1353,93.0625,0.00011272877,0.91428035
PC1354,88.575,0.00011269229,0.91439307
PC1355,92.1,0.00011265883,0.9145057
PC1356,327.275,0.00011261759,0.9146183
PC1357,435.3,0.000112587135,0.9147309
PC1358,279.15,0.000112553425,0.91484344
PC1359,207.0125,0.00011253066,0.914956
PC1360,389.125,0.000112497095,0.91506845
PC1361,264.9125,0.000112430775,0.91518086
PC1362,257.25,0.000112388116,0.9152933
PC1363,190.9125,0.00011234372,0.91540563
PC1364,140.9875,0.00011230729,0.9155179
PC1365,134.875,0.00011229947,0.9156302
PC1366,824.525,0.000112262125,0.91574246
PC1367,162.075,0.000112237976,0.9158547
PC1368,69.1,0.00011217491,0.91596687
PC1369,346.9875,0.000112157046,0.91607904
PC1370,64.0375,0.000112047484,0.9161911
PC1371,61.45,0.000112011614,0.9163031
PC1372,307.05,0.00011197238,0.9164151
PC1373,328.25,0.00011195785,0.91652703
PC1374,279.0625,0.00011194202,0.916639
PC1375,598.525,0.00011192013,0.9167509
PC1376,55.5125,0.00011186939,0.9168628
PC1377,573.3625,0.00011182444,0.9169746
PC1378,78.7125,0.00011180311,0.9170864
PC1379,79.9625,0.000111761714,0.9171982
PC1380,182.0125,0.00011174433,0.91730994
PC1381,411.1875,0.00011170474,0.91742164
PC1382,310.2,0.00011167646,0.91753334
PC1383,338.2125,0.000111640045,0.917645
PC1384,61.825,0.00011155168,0.91775656
PC1385,187.0375,0.00011154157,0.9178681
PC1386,341.25,0.00011150553,0.9179796
PC1387,323.1125,0.00011144104,0.91809106
PC1388,574.4875,0.00011142562,0.91820246
PC1389,54.275,0.00011139736,0.91831386
PC1390,716.6,0.00011137251,0.91842526
PC1391,598.5375,0.00011133208,0.9185366
PC1392,366.2625,0.00011129864,0.9186479
PC1393,71.4625,0.0001112769,0.91875917
PC1394,68.6375,0.00011123611,0.9188704
PC1395,750.5625,0.00011121951,0.9189816
PC1396,58.0625,0.00011120879,0.91909283
PC1397,279.0625,0.000111099915,0.91920394
PC1398,413.25,0.0001110941,0.91931504
PC1399,180.05,0.00011103221,0.9194261
PC1400,733.575,0.00011094791,0.919537
PC1401,239.225,0.0001109287,0.91964793
PC1402,409.275,0.000110919194,0.91975886
PC1403,469.2875,0.00011089642,0.9198698
PC1404,367.2,0.00011084113,0.91998065
PC1405,326.225,0.0001108036,0.92009145
PC1406,299.2375,0.00011077921,0.92020226
PC1407,744.5875,0.0001107433,0.920313
PC1408,306.275,0.00011070982,0.9204237
PC1409,213.2,0.00011064007,0.9205343
PC1410,602.5375,0.000110614106,0.92064494
PC1411,327.2625,0.00011057729,0.9207555
PC1412,355.125,0.00011054131,0.9208661
PC1413,684.6375,0.00011050835,0.9209766
PC1414,97.5875,0.000110462955,0.921087
PC1415,601.55,0.00011041156,0.9211974
PC1416,327.175,0.00011035843,0.9213078
PC1417,95.2125,0.00011034338,0.92141813
PC1418,52.4625,0.00011031875,0.92152846
PC1419,67.4,0.000110309775,0.9216388
PC1420,425.375,0.000110230954,0.921749
PC1421,331.2875,0.00011021297,0.9218592
PC1422,329.175,0.000110172026,0.92196935
PC1423,397.1875,0.000110129,0.9220795
PC1424,86.1875,0.00011009892,0.9221896
PC1425,519.175,0.00011004775,0.9222996
PC1426,682.5875,0.00011003398,0.92240965
PC1427,65.9375,0.00010999562,0.9225196
PC1428,397.2625,0.0001099647,0.9226296
PC1429,412.975,0.00010993305,0.9227395
PC1430,295.1875,0.00010990975,0.9228494
PC1431,51.4875,0.000109863315,0.92295927
PC1432,54.0625,0.00010984528,0.9230691
PC1433,862.675,0.00010979426,0.9231789
PC1434,55.525,0.00010977296,0.9232887
PC1435,209.0875,0.00010972412,0.92339844
PC1436,257.25,0.000109660956,0.9235081
PC1437,57.225,0.000109648114,0.9236178
PC1438,50.1,0.00010960744,0.9237274
PC1439,57.575,0.000109599525,0.923837
PC1440,169.0,0.00010951051,0.9239465
PC1441,417.1375,0.0001095002,0.924056
PC1442,442.275,0.000109461274,0.9241654
PC1443,797.575,0.00010944042,0.92427486
PC1444,541.15,0.00010942776,0.9243843
PC1445,287.1625,0.00010936041,0.9244937
PC1446,269.1125,0.00010931771,0.924603
PC1447,848.6625,0.00010926261,0.92471224
PC1448,451.2375,0.00010924936,0.9248215
PC1449,441.25,0.000109200424,0.9249307
PC1450,513.325,0.00010916724,0.9250399
PC1451,439.3,0.000109111286,0.925149
PC1452,126.9,0.00010908027,0.9252581
PC1453,356.2125,0.00010904595,0.9253671
PC1454,601.5375,0.000109009095,0.92547613
PC1455,77.175,0.00010894732,0.9255851
PC1456,844.6625,0.00010893588,0.92569405
PC1457,539.5125,0.00010892322,0.92580295
PC1458,863.675,0.00010888998,0.92591184
PC1459,598.525,0.00010884933,0.9260207
PC1460,134.875,0.00010882495,0.9261295
PC1461,365.2125,0.00010878811,0.9262383
PC1462,98.025,0.00010873675,0.926347
PC1463,248.1,0.00010870511,0.92645574
PC1464,187.1375,0.00010868669,0.9265644
PC1465,575.475,0.00010864757,0.92667305
PC1466,236.975,0.00010858108,0.92678165
PC1467,72.9125,0.000108531494,0.9268902
PC1468,796.5625,0.00010850209,0.9269987
PC1469,89.2,0.00010844533,0.9271071
PC1470,429.3125,0.00010842862,0.9272155
PC1471,243.175,0.0001083836,0.9273239
PC1472,120.9125,0.00010831724,0.9274322
PC1473,58.6375,0.00010829898,0.9275405
PC1474,61.6375,0.00010828951,0.9276488
PC1475,53.8625,0.000108226595,0.927757
PC1476,151.05,0.000108173386,0.9278652
PC1477,339.3375,0.0001081602,0.9279734
PC1478,49.975,0.00010809133,0.92808145
PC1479,86.1625,0.00010807743,0.9281895
PC1480,271.125,0.00010801559,0.9282975
PC1481,329.1875,0.00010797439,0.9284055
PC1482,50.8,0.000107948494,0.92851347
PC1483,421.15,0.00010792863,0.9286214
PC1484,766.6,0.00010791357,0.9287293
PC1485,314.2125,0.00010786721,0.9288372
PC1486,768.575,0.00010782338,0.928945
PC1487,216.9125,0.00010781714,0.9290528
PC1488,269.1125,0.0001077801,0.9291606
PC1489,797.575,0.00010773586,0.92926836
PC1490,328.2,0.00010771489,0.92937607
PC1491,341.1875,0.00010765985,0.9294837
PC1492,83.75,0.00010761425,0.9295913
PC1493,491.35,0.000107605556,0.9296989
PC1494,217.0125,0.00010759258,0.9298065
PC1495,60.1875,0.000107555206,0.929914
PC1496,69.9,0.000107505635,0.9300215
PC1497,360.2625,0.0001074522,0.930129
PC1498,262.925,0.000107441265,0.93023646
PC1499,415.275,0.000107358224,0.9303438
PC1500,51.55,0.000107326465,0.93045115
PC1501,863.6875,0.00010728559,0.93055844
PC1502,56.1125,0.00010725359,0.9306657
PC1503,281.1625,0.00010721795,0.9307729
PC1504,363.225,0.000107165375,0.93088007
PC1505,67.0625,0.000107146465,0.93098724
PC1506,138.05,0.00010711917,0.93109435
PC1507,84.7375,0.000107066706,0.9312014
PC1508,844.675,0.0001069989,0.9313084
PC1509,52.5,0.00010698868,0.9314154
PC1510,382.4,0.000106950065,0.9315223
PC1511,266.8125,0.000106904365,0.93162924
PC1512,683.625,0.00010686515,0.9317361
PC1513,172.1125,0.00010681026,0.9318429
PC1514,463.325,0.00010679469,0.93194973
PC1515,371.1625,0.000106747415,0.9320565
PC1516,101.075,0.00010670529,0.9321632
PC1517,58.5125,0.000106675856,0.9322699
PC1518,51.725,0.00010666578,0.93237656
PC1519,55.25,0.000106622014,0.9324832
PC1520,76.85,0.000106539184,0.9325897
PC1521,764.55,0.00010652797,0.9326962
PC1522,774.575,0.000106503634,0.93280274
PC1523,269.1125,0.00010646759,0.9329092
PC1524,602.5125,0.000106435575,0.93301564
PC1525,55.4,0.00010641138,0.93312204
PC1526,281.1625,0.000106387655,0.93322843
PC1527,54.925,0.00010635184,0.93333477
PC1528,63.6625,0.00010631135,0.9334411
PC1529,197.025,0.000106244566,0.9335473
PC1530,367.275,0.00010621028,0.93365353
PC1531,54.725,0.000106198946,0.93375975
PC1532,307.275,0.000106163396,0.9338659
PC1533,59.1,0.000106113424,0.933972
PC1534,237.125,0.00010608668,0.9340781
PC1535,392.2875,0.000106040265,0.93418413
PC1536,681.55,0.00010601955,0.9342902
PC1537,62.0,0.00010597079,0.93439615
PC1538,440.975,0.00010593435,0.93450207
PC1539,323.2,0.000105883286,0.9346079
PC1540,715.5875,0.0001058358,0.9347138
PC1541,845.6875,0.00010580201,0.9348196
PC1542,108.0375,0.00010579719,0.9349254
PC1543,307.05,0.00010575989,0.9350311
PC1544,392.275,0.00010573714,0.93513685
PC1545,61.4,0.00010566581,0.93524253
PC1546,295.275,0.00010565425,0.9353482
PC1547,50.3625,0.0001056395,0.93545383
PC1548,58.1125,0.00010556711,0.9355594
PC1549,789.575,0.00010554938,0.93566495
PC1550,279.1625,0.00010549266,0.93577045
PC1551,70.925,0.00010547723,0.93587595
PC1552,254.225,0.000105392035,0.93598133
PC1553,52.6625,0.000105349376,0.93608665
PC1554,845.675,0.00010534327,0.936192
PC1555,248.1,0.0001053226,0.9362973
PC1556,383.15,0.000105283274,0.93640256
PC1557,477.375,0.00010520566,0.93650776
PC1558,395.4,0.000105175845,0.93661296
PC1559,415.2875,0.00010513197,0.9367181
PC1560,239.225,0.00010510124,0.9368232
PC1561,487.325,0.000105065184,0.9369283
PC1562,485.3125,0.000105037325,0.9370333
PC1563,90.675,0.00010502646,0.9371383
PC1564,392.275,0.00010499336,0.9372433
PC1565,315.1875,0.00010494921,0.93734825
PC1566,231.15,0.00010492095,0.93745315
PC1567,141.0,0.00010489286,0.93755805
PC1568,248.6,0.00010483574,0.9376629
PC1569,280.1875,0.000104790284,0.9377677
PC1570,64.9375,0.00010478092,0.93787247
PC1571,846.675,0.00010471074,0.9379772
PC1572,379.0875,0.00010465089,0.93808186
PC1573,600.5125,0.0001046288,0.93818647
PC1574,207.025,0.00010461195,0.9382911
PC1575,395.2875,0.00010458722,0.9383957
PC1576,99.2,0.00010452264,0.9385002
PC1577,162.075,0.000104510065,0.9386047
PC1578,795.5875,0.000104477745,0.9387092
PC1579,417.125,0.00010444474,0.9388136
PC1580,417.2625,0.00010443537,0.93891805
PC1581,715.6,0.00010438932,0.9390224
PC1582,70.1125,0.00010436188,0.9391268
PC1583,64.4875,0.00010431357,0.9392311
PC1584,557.375,0.000104260675,0.93933535
PC1585,227.0125,0.00010424057,0.9394396
PC1586,69.175,0.000104192324,0.9395438
PC1587,56.0375,0.00010418439,0.939648
PC1588,796.5625,0.0001041461,0.9397521
PC1589,201.125,0.00010410993,0.93985623
PC1590,93.175,0.000104060084,0.9399603
PC1591,189.9875,0.00010404717,0.9400644
PC1592,684.625,0.00010396781,0.9401683
PC1593,491.375,0.00010393529,0.9402723
PC1594,744.6,0.00010393292,0.9403762
PC1595,821.575,0.00010388719,0.9404801
PC1596,69.9625,0.000103842955,0.94058394
PC1597,337.2375,0.000103759114,0.9406877
PC1598,357.2125,0.00010374286,0.9407915
PC1599,135.0625,0.0001037031,0.9408952
PC1600,236.975,0.000103679784,0.94099885
PC1601,311.3,0.00010365767,0.9411025
PC1602,368.2625,0.0001035769,0.9412061
PC1603,847.6875,0.00010353275,0.94130963
PC1604,716.6125,0.000103523846,0.94141316
PC1605,485.2875,0.000103485,0.94151664
PC1606,321.2375,0.0001034764,0.9416201
PC1607,51.1875,0.00010343686,0.9417235
PC1608,339.3375,0.000103394836,0.94182694
PC1609,315.2125,0.000103359234,0.9419303
PC1610,377.175,0.00010332255,0.9420336
PC1611,341.2,0.00010328974,0.9421369
PC1612,217.0625,0.000103268496,0.9422402
PC1613,466.325,0.00010322936,0.9423434
PC1614,346.9875,0.00010319175,0.9424466
PC1615,449.1,0.000103136204,0.9425497
PC1616,81.7,0.00010311699,0.9426528
PC1617,145.075,0.00010311095,0.94275594
PC1618,299.1875,0.000103041406,0.942859
PC1619,357.1625,0.00010301803,0.942962
PC1620,235.0,0.00010298441,0.943065
PC1621,411.375,0.0001029506,0.9431679
PC1622,171.85,0.00010294017,0.94327086
PC1623,131.0,0.00010287156,0.94337374
PC1624,391.2625,0.000102824684,0.94347656
PC1625,325.225,0.00010279496,0.9435794
PC1626,59.0125,0.00010275654,0.94368213
PC1627,57.225,0.000102687845,0.94378483
PC1628,393.1,0.000102678,0.94388753
PC1629,271.2375,0.000102609745,0.9439902
PC1630,60.8,0.00010259512,0.94409275
PC1631,417.225,0.000102529164,0.9441953
PC1632,466.8625,0.000102515885,0.9442978
PC1633,744.575,0.000102484206,0.94440025
PC1634,87.925,0.00010245377,0.9445027
PC1635,57.975,0.000102412385,0.9446051
PC1636,50.4875,0.0001024035,0.9447075
PC1637,186.0625,0.00010235271,0.94480985
PC1638,468.8625,0.00010228434,0.94491214
PC1639,86.8125,0.000102237704,0.94501436
PC1640,50.2625,0.00010222005,0.9451166
PC1641,64.2375,0.00010217989,0.94521874
PC1642,74.425,0.00010214455,0.9453209
PC1643,313.25,0.000102133345,0.94542307
PC1644,469.3,0.00010210895,0.94552517
PC1645,51.4125,0.000102042264,0.9456272
PC1646,716.6125,0.00010200397,0.9457292
PC1647,120.9125,0.00010198469,0.9458312
PC1648,213.2,0.000101962156,0.94593316
PC1649,257.25,0.000101925936,0.9460351
PC1650,60.4125,0.00010188334,0.94613695
PC1651,74.6,0.00010187291,0.9462388
PC1652,50.2125,0.0001018313,0.9463406
PC1653,55.225,0.000101812555,0.9464424
PC1654,80.0,0.0001017362,0.9465442
PC1655,104.675,0.000101689344,0.94664586
PC1656,329.175,0.00010164915,0.9467475
PC1657,503.4,0.00010159882,0.9468491
PC1658,412.9875,0.00010156201,0.9469507
PC1659,50.425,0.00010154479,0.94705224
PC1660,477.3375,0.00010151098,0.94715375
PC1661,715.5875,0.00010148903,0.94725525
PC1662,217.0375,0.00010144465,0.9473567
PC1663,439.4,0.00010138501,0.9474581
PC1664,233.1625,0.00010135764,0.9475594
PC1665,151.0375,0.000101330275,0.94766074
PC1666,459.2875,0.00010129944,0.9477621
PC1667,162.9875,0.00010128189,0.94786334
PC1668,269.1,0.00010125891,0.9479646
PC1669,65.65,0.00010118785,0.9480658
PC1670,59.1125,0.00010112767,0.94816697
PC1671,299.2125,0.00010107229,0.94826806
PC1672,237.125,0.00010105945,0.9483691
PC1673,131.9,0.00010103448,0.9484701
PC1674,912.475,0.00010101268,0.94857115
PC1675,323.2,0.00010095697,0.9486721
PC1676,88.2,0.0001009354,0.948773
PC1677,682.6,0.00010089642,0.94887394
PC1678,52.6875,0.000100845304,0.9489748
PC1679,381.3875,0.00010079098,0.9490756
PC1680,294.2125,0.0001007856,0.9491764
PC1681,76.875,0.00010068489,0.94927704
PC1682,497.475,0.00010066915,0.9493777
PC1683,365.175,0.000100666686,0.9494784
PC1684,737.55,0.000100620244,0.949579
PC1685,633.4125,0.00010055248,0.94967955
PC1686,229.1625,0.00010054895,0.9497801
PC1687,421.2625,0.0001005354,0.94988066
PC1688,56.0875,0.00010047683,0.94998115
PC1689,379.175,0.000100475256,0.95008165
PC1690,489.9,0.00010042211,0.9501821
PC1691,134.0,0.00010034713,0.95028245
PC1692,77.475,0.00010026526,0.9503827
PC1693,469.325,0.000100231875,0.95048296
PC1694,391.1,0.00010019752,0.95058316
PC1695,58.6375,0.0001001721,0.95068336
PC1696,51.75,0.00010013203,0.9507835
PC1697,55.5875,0.000100098936,0.95088357
PC1698,401.2625,0.00010002648,0.9509836
PC1699,71.1125,0.00010002412,0.9510836
PC1700,75.875,9.994688e-05,0.95118356
PC1701,598.5125,9.993895e-05,0.9512835
PC1702,99.1125,9.990947e-05,0.9513834
PC1703,60.25,9.9868266e-05,0.9514833
PC1704,169.8375,9.984498e-05,0.95158315
PC1705,369.1375,9.978753e-05,0.9516829
PC1706,305.275,9.977096e-05,0.9517827
PC1707,326.1875,9.973742e-05,0.9518824
PC1708,398.35,9.968353e-05,0.9519821
PC1709,464.875,9.965762e-05,0.95208174
PC1710,888.675,9.962186e-05,0.95218134
PC1711,326.1875,9.958405e-05,0.95228094
PC1712,716.6,9.9564655e-05,0.9523805
PC1713,750.5625,9.950938e-05,0.95247996
PC1714,77.275,9.947059e-05,0.95257944
PC1715,50.0625,9.943305e-05,0.95267886
PC1716,51.4875,9.9374585e-05,0.9527782
PC1717,59.9125,9.9360564e-05,0.9528776
PC1718,54.5,9.929121e-05,0.9529769
PC1719,63.325,9.924557e-05,0.9530761
PC1720,279.0625,9.920164e-05,0.9531753
PC1721,469.2875,9.916264e-05,0.9532745
PC1722,66.4,9.914086e-05,0.9533736
PC1723,56.0,9.91199e-05,0.95347273
PC1724,517.425,9.911023e-05,0.95357186
PC1725,233.1625,9.9088764e-05,0.9536709
PC1726,683.6375,9.903069e-05,0.9537699
PC1727,135.0625,9.899651e-05,0.9538689
PC1728,50.125,9.8947494e-05,0.95396787
PC1729,134.875,9.890387e-05,0.95406675
PC1730,67.25,9.887072e-05,0.95416564
PC1731,58.2875,9.8841774e-05,0.95426446
PC1732,72.475,9.878185e-05,0.9543632
PC1733,87.2625,9.876358e-05,0.954462
PC1734,683.6,9.872142e-05,0.9545607
PC1735,800.6125,9.869554e-05,0.9546594
PC1736,529.3375,9.864266e-05,0.95475805
PC1737,847.6875,9.861299e-05,0.95485663
PC1738,70.6,9.8567834e-05,0.9549552
PC1739,852.5125,9.8547665e-05,0.95505375
PC1740,73.55,9.851631e-05,0.9551523
PC1741,74.6,9.851459e-05,0.9552508
PC1742,94.8875,9.8486526e-05,0.95534927
PC1743,363.225,9.843386e-05,0.9554477
PC1744,51.2,9.8388955e-05,0.9555461
PC1745,248.6,9.837477e-05,0.9556444
PC1746,716.575,9.83031e-05,0.9557427
PC1747,794.55,9.829759e-05,0.955841
PC1748,397.2625,9.820578e-05,0.95593923
PC1749,403.2125,9.818257e-05,0.9560374
PC1750,159.075,9.815346e-05,0.9561356
PC1751,52.525,9.81279e-05,0.9562337
PC1752,656.6125,9.806419e-05,0.95633173
PC1753,669.4875,9.8001474e-05,0.9564297
PC1754,238.9,9.798851e-05,0.9565277
PC1755,64.825,9.797007e-05,0.9566257
PC1756,151.0375,9.792412e-05,0.95672363
PC1757,62.9125,9.790982e-05,0.95682156
PC1758,182.9375,9.7860044e-05,0.95691943
PC1759,73.925,9.781373e-05,0.95701724
PC1760,916.6875,9.7791526e-05,0.95711505
PC1761,62.1875,9.777817e-05,0.9572128
PC1762,411.175,9.770487e-05,0.9573105
PC1763,766.55,9.768561e-05,0.9574082
PC1764,306.2625,9.763496e-05,0.9575058
PC1765,337.2,9.759732e-05,0.9576034
PC1766,449.1,9.754601e-05,0.95770097
PC1767,66.475,9.750989e-05,0.9577985
PC1768,601.525,9.748932e-05,0.957896
PC1769,265.9125,9.7451404e-05,0.95799345
PC1770,96.9375,9.740766e-05,0.95809084
PC1771,310.2125,9.732104e-05,0.9581882
PC1772,375.1,9.730068e-05,0.95828545
PC1773,53.125,9.726771e-05,0.9583827
PC1774,785.6125,9.724808e-05,0.95848
PC1775,283.3,9.723351e-05,0.9585772
PC1776,685.6375,9.7209006e-05,0.95867443
PC1777,66.2875,9.7189826e-05,0.95877165
PC1778,213.2,9.7109994e-05,0.95886874
PC1779,164.9625,9.707573e-05,0.95896584
PC1780,73.15,9.704055e-05,0.9590629
PC1781,797.575,9.700346e-05,0.95915985
PC1782,415.2875,9.696392e-05,0.9592568
PC1783,59.5875,9.693867e-05,0.95935374
PC1784,314.1875,9.691661e-05,0.95945066
PC1785,299.2125,9.687887e-05,0.9595475
PC1786,766.5875,9.6833675e-05,0.9596444
PC1787,862.675,9.680418e-05,0.9597412
PC1788,357.2375,9.67504e-05,0.9598379
PC1789,818.575,9.6687574e-05,0.9599346
PC1790,136.875,9.6672244e-05,0.9600313
PC1791,292.95,9.662826e-05,0.9601279
PC1792,327.1875,9.655633e-05,0.96022445
PC1793,225.2,9.653239e-05,0.960321
PC1794,684.6375,9.6501375e-05,0.9604175
PC1795,132.875,9.64895e-05,0.960514
PC1796,149.0,9.6465075e-05,0.96061045
PC1797,320.875,9.6442636e-05,0.9607069
PC1798,313.225,9.639223e-05,0.9608033
PC1799,319.25,9.6335425e-05,0.9608996
PC1800,321.2375,9.6282696e-05,0.96099585
PC1801,888.6625,9.624347e-05,0.9610921
PC1802,78.8125,9.621837e-05,0.9611883
PC1803,52.25,9.6187934e-05,0.9612845
PC1804,414.2625,9.613719e-05,0.96138066
PC1805,51.3,9.6123484e-05,0.9614768
PC1806,368.3875,9.6078234e-05,0.9615729
PC1807,213.0625,9.6037875e-05,0.9616689
PC1808,767.5875,9.600332e-05,0.96176493
PC1809,53.4,9.5959826e-05,0.9618609
PC1810,189.0625,9.593476e-05,0.96195686
PC1811,684.6125,9.591227e-05,0.96205276
PC1812,182.0125,9.588026e-05,0.96214867
PC1813,397.2625,9.579407e-05,0.96224445
PC1814,111.95,9.576476e-05,0.96234024
PC1815,437.2125,9.57398e-05,0.96243596
PC1816,73.7125,9.571909e-05,0.9625317
PC1817,572.5,9.566326e-05,0.96262735
PC1818,369.275,9.565007e-05,0.962723
PC1819,422.2375,9.5596886e-05,0.9628186
PC1820,280.1875,9.556236e-05,0.96291417
PC1821,199.0125,9.551859e-05,0.9630097
PC1822,68.9125,9.5466676e-05,0.9631052
PC1823,603.525,9.5439755e-05,0.9632006
PC1824,225.0625,9.54088e-05,0.96329606
PC1825,357.25,9.534534e-05,0.9633914
PC1826,83.95,9.530261e-05,0.96348673
PC1827,65.375,9.527997e-05,0.96358204
PC1828,90.9375,9.521647e-05,0.9636772
PC1829,509.4875,9.519699e-05,0.9637724
PC1830,54.5875,9.515883e-05,0.9638676
PC1831,312.3125,9.5118296e-05,0.96396273
PC1832,76.625,9.508488e-05,0.9640578
PC1833,243.175,9.505365e-05,0.9641529
PC1834,75.0125,9.501495e-05,0.9642479
PC1835,329.25,9.494708e-05,0.96434283
PC1836,75.25,9.4917e-05,0.9644377
PC1837,63.375,9.4883115e-05,0.9645326
PC1838,848.6875,9.486853e-05,0.9646275
PC1839,62.6375,9.4842006e-05,0.96472234
PC1840,162.075,9.4815696e-05,0.96481717
PC1841,368.275,9.475268e-05,0.96491194
PC1842,421.1375,9.4728144e-05,0.96500665
PC1843,56.6875,9.467155e-05,0.9651013
PC1844,171.125,9.464658e-05,0.96519595
PC1845,313.075,9.46106e-05,0.96529055
PC1846,69.35,9.4573494e-05,0.96538514
PC1847,906.65,9.453095e-05,0.9654797
PC1848,54.275,9.450599e-05,0.9655742
PC1849,53.95,9.446634e-05,0.9656687
PC1850,169.0,9.445517e-05,0.96576315
PC1851,169.0,9.438898e-05,0.96585757
PC1852,846.525,9.435583e-05,0.9659519
PC1853,890.65,9.434025e-05,0.9660463
PC1854,844.6625,9.428896e-05,0.96614057
PC1855,184.925,9.4248266e-05,0.9662348
PC1856,283.2625,9.4174e-05,0.966329
PC1857,135.05,9.4166266e-05,0.96642315
PC1858,54.7625,9.41248e-05,0.96651727
PC1859,413.25,9.409315e-05,0.9666114
PC1860,795.575,9.405858e-05,0.96670544
PC1861,824.5125,9.403218e-05,0.9667995
PC1862,101.0,9.394067e-05,0.96689343
PC1863,91.4125,9.393141e-05,0.9669874
PC1864,164.9625,9.39127e-05,0.9670813
PC1865,94.925,9.388193e-05,0.9671752
PC1866,90.3875,9.384437e-05,0.967269
PC1867,764.6,9.377818e-05,0.96736276
PC1868,66.3875,9.3757255e-05,0.9674565
PC1869,523.35,9.3718234e-05,0.9675502
PC1870,353.35,9.369105e-05,0.9676439
PC1871,415.125,9.3688184e-05,0.9677376
PC1872,77.325,9.366464e-05,0.96783125
PC1873,235.0,9.359569e-05,0.96792483
PC1874,389.1,9.3555886e-05,0.9680184
PC1875,518.4125,9.350175e-05,0.96811193
PC1876,63.525,9.348267e-05,0.9682054
PC1877,59.375,9.342005e-05,0.9682988
PC1878,54.625,9.339385e-05,0.9683922
PC1879,519.4125,9.332479e-05,0.96848553
PC1880,682.6,9.326202e-05,0.9685788
PC1881,627.575,9.325017e-05,0.96867204
PC1882,172.15,9.322862e-05,0.96876526
PC1883,62.825,9.320163e-05,0.9688585
PC1884,684.65,9.3166134e-05,0.96895164
PC1885,419.125,9.312638e-05,0.96904474
PC1886,187.1,9.309827e-05,0.96913785
PC1887,280.1875,9.303473e-05,0.9692309
PC1888,373.25,9.298554e-05,0.9693239
PC1889,60.0625,9.2930495e-05,0.9694168
PC1890,56.55,9.29144e-05,0.9695097
PC1891,365.1875,9.288667e-05,0.9696026
PC1892,464.8625,9.28452e-05,0.96969545
PC1893,654.5875,9.279306e-05,0.96978825
PC1894,51.5625,9.273936e-05,0.969881
PC1895,369.0,9.273116e-05,0.96997374
PC1896,801.625,9.269365e-05,0.9700664
PC1897,321.125,9.2658374e-05,0.9701591
PC1898,88.0125,9.260103e-05,0.97025174
PC1899,108.9125,9.2585746e-05,0.9703443
PC1900,50.2625,9.2570685e-05,0.9704369
PC1901,836.5625,9.252837e-05,0.9705294
PC1902,56.9625,9.246645e-05,0.9706218
PC1903,575.4625,9.238885e-05,0.9707142
PC1904,151.0375,9.233061e-05,0.97080654
PC1905,56.075,9.2324066e-05,0.97089887
PC1906,221.1,9.228708e-05,0.97099113
PC1907,74.8625,9.224067e-05,0.9710834
PC1908,49.9875,9.220383e-05,0.9711756
PC1909,325.0125,9.219145e-05,0.9712678
PC1910,121.05,9.213275e-05,0.97135997
PC1911,475.3875,9.207258e-05,0.97145206
PC1912,52.8125,9.203101e-05,0.9715441
PC1913,57.3125,9.1992435e-05,0.97163606
PC1914,750.55,9.197315e-05,0.971728
PC1915,93.7,9.1934744e-05,0.97181994
PC1916,325.225,9.1896756e-05,0.97191185
PC1917,153.05,9.183755e-05,0.9720037
PC1918,627.55,9.1830916e-05,0.97209555
PC1919,61.4625,9.1803304e-05,0.97218734
PC1920,78.4125,9.1779526e-05,0.97227913
PC1921,469.3,9.172686e-05,0.97237086
PC1922,864.675,9.167757e-05,0.97246253
PC1923,553.3625,9.163426e-05,0.97255415
PC1924,463.325,9.161256e-05,0.97264576
PC1925,363.25,9.159467e-05,0.9727374
PC1926,65.6375,9.154393e-05,0.9728289
PC1927,307.1,9.152863e-05,0.9729205
PC1928,338.85,9.142656e-05,0.9730119
PC1929,395.3,9.140606e-05,0.97310334
PC1930,76.575,9.1391514e-05,0.9731947
PC1931,75.975,9.1367554e-05,0.9732861
PC1932,69.5,9.131231e-05,0.9733774
PC1933,50.4875,9.1300106e-05,0.9734687
PC1934,55.0375,9.125258e-05,0.97356
PC1935,890.675,9.119407e-05,0.9736512
PC1936,315.1875,9.116395e-05,0.9737423
PC1937,76.05,9.113154e-05,0.97383344
PC1938,411.35,9.109299e-05,0.9739245
PC1939,351.2,9.103896e-05,0.97401553
PC1940,57.775,9.0969894e-05,0.9741065
PC1941,72.7375,9.093134e-05,0.97419745
PC1942,730.675,9.090581e-05,0.97428834
PC1943,521.3375,9.0885784e-05,0.97437924
PC1944,50.775,9.084158e-05,0.9744701
PC1945,67.9125,9.0779264e-05,0.97456086
PC1946,280.1875,9.073717e-05,0.9746516
PC1947,627.55,9.069688e-05,0.9747423
PC1948,57.65,9.065603e-05,0.97483295
PC1949,97.45,9.059909e-05,0.97492355
PC1950,50.925,9.058267e-05,0.97501415
PC1951,70.8125,9.055712e-05,0.9751047
PC1952,255.0,9.052195e-05,0.9751952
PC1953,491.9,9.049543e-05,0.9752857
PC1954,750.575,9.042822e-05,0.9753761
PC1955,535.3625,9.035114e-05,0.9754665
PC1956,79.9625,9.034924e-05,0.97555685
PC1957,248.9875,9.030873e-05,0.97564715
PC1958,314.2125,9.02808e-05,0.97573745
PC1959,87.3625,9.0218564e-05,0.9758277
PC1960,80.175,9.01637e-05,0.9759179
PC1961,475.375,9.012371e-05,0.976008
PC1962,512.5,9.010188e-05,0.9760981
PC1963,310.2125,9.009444e-05,0.97618824
PC1964,54.975,9.003227e-05,0.97627825
PC1965,71.175,9.00157e-05,0.97636825
PC1966,85.3625,8.9971734e-05,0.9764582
PC1967,161.0875,8.997057e-05,0.97654814
PC1968,513.3375,8.9926034e-05,0.9766381
PC1969,88.1875,8.9851885e-05,0.9767279
PC1970,53.0,8.981646e-05,0.9768177
PC1971,767.6,8.979885e-05,0.97690755
PC1972,328.2125,8.971464e-05,0.97699726
PC1973,259.025,8.967027e-05,0.9770869
PC1974,204.9625,8.9655485e-05,0.97717655
PC1975,61.9875,8.956373e-05,0.97726613
PC1976,1198.8375,8.9559355e-05,0.9773557
PC1977,56.4875,8.954379e-05,0.97744524
PC1978,121.9625,8.947355e-05,0.9775347
PC1979,57.1,8.945415e-05,0.9776242
PC1980,66.8625,8.941269e-05,0.9777136
PC1981,357.2125,8.93442e-05,0.97780293
PC1982,52.475,8.928394e-05,0.9778922
PC1983,108.9125,8.923666e-05,0.97798145
PC1984,385.1375,8.921589e-05,0.9780707
PC1985,62.5375,8.918171e-05,0.97815984
PC1986,87.0125,8.91601e-05,0.978249
PC1987,97.9625,8.909261e-05,0.9783381
PC1988,409.1875,8.9082205e-05,0.97842723
PC1989,237.1375,8.900703e-05,0.9785162
PC1990,55.1625,8.8997855e-05,0.9786052
PC1991,819.65,8.895138e-05,0.97869414
PC1992,328.2375,8.89357e-05,0.9787831
PC1993,313.2625,8.886838e-05,0.97887194
PC1994,187.1,8.881206e-05,0.97896075
PC1995,521.35,8.880286e-05,0.97904956
PC1996,79.825,8.875352e-05,0.9791383
PC1997,235.0,8.870332e-05,0.979227
PC1998,74.45,8.8690394e-05,0.9793157
PC1999,51.35,8.8633475e-05,0.97940433
PC2000,784.5125,8.861952e-05,0.97949296
PC2001,53.2125,8.860798e-05,0.9795816
PC2002,744.65,8.858042e-05,0.97967017
PC2003,58.9875,8.8490335e-05,0.9797587
PC2004,57.9,8.8434776e-05,0.97984713
PC2005,383.3375,8.837626e-05,0.9799355
PC2006,83.225,8.836193e-05,0.98002386
PC2007,105.625,8.831778e-05,0.9801122
PC2008,872.7,8.8266206e-05,0.98020047
PC2009,52.15,8.825179e-05,0.98028874
PC2010,186.05,8.81975e-05,0.98037696
PC2011,296.9875,8.815943e-05,0.9804651
PC2012,56.325,8.808514e-05,0.9805532
PC2013,80.425,8.804433e-05,0.98064125
PC2014,745.6,8.8000954e-05,0.9807292
PC2015,421.3125,8.79653e-05,0.9808172
PC2016,55.9375,8.793541e-05,0.9809051
PC2017,79.8875,8.792573e-05,0.98099303
PC2018,459.275,8.785263e-05,0.9810809
PC2019,381.2625,8.779521e-05,0.9811687
PC2020,371.2625,8.774962e-05,0.9812564
PC2021,64.2625,8.771651e-05,0.98134416
PC2022,513.325,8.767745e-05,0.98143184
PC2023,88.2875,8.762455e-05,0.98151946
PC2024,59.2625,8.759808e-05,0.9816071
PC2025,395.175,8.757157e-05,0.98169464
PC2026,62.9375,8.75469e-05,0.9817822
PC2027,377.1875,8.742494e-05,0.98186964
PC2028,98.45,8.740282e-05,0.981957
PC2029,78.0375,8.733546e-05,0.98204434
PC2030,393.125,8.729606e-05,0.98213166
PC2031,445.1625,8.726033e-05,0.9822189
PC2032,52.325,8.721514e-05,0.9823061
PC2033,55.8875,8.715481e-05,0.98239326
PC2034,368.3875,8.711785e-05,0.9824804
PC2035,399.1875,8.7089604e-05,0.9825675
PC2036,188.925,8.707628e-05,0.9826546
PC2037,311.1625,8.7031265e-05,0.9827416
PC2038,795.6,8.696009e-05,0.98282856
PC2039,185.125,8.689445e-05,0.98291546
PC2040,55.2125,8.686088e-05,0.9830023
PC2041,96.325,8.6818116e-05,0.98308915
PC2042,253.95,8.677262e-05,0.98317593
PC2043,435.325,8.677026e-05,0.9832627
PC2044,490.3125,8.6712e-05,0.98334944
PC2045,334.2625,8.668296e-05,0.9834361
PC2046,54.9875,8.665765e-05,0.9835228
PC2047,471.3,8.660412e-05,0.9836094
PC2048,51.875,8.658846e-05,0.983696
PC2049,67.0875,8.656282e-05,0.98378253
PC2050,70.95,8.6442444e-05,0.98386896
PC2051,162.8625,8.6428336e-05,0.9839554
PC2052,655.6,8.637337e-05,0.98404175
PC2053,572.5125,8.630246e-05,0.98412806
PC2054,59.35,8.6252636e-05,0.9842143
PC2055,347.0125,8.622832e-05,0.98430055
PC2056,577.4125,8.61864e-05,0.98438674
PC2057,453.4125,8.616045e-05,0.98447293
PC2058,62.2125,8.61374e-05,0.98455906
PC2059,63.2875,8.603808e-05,0.98464507
PC2060,509.475,8.5985266e-05,0.9847311
PC2061,215.1375,8.59507e-05,0.984817
PC2062,76.525,8.592243e-05,0.984903
PC2063,245.0625,8.590555e-05,0.98498887
PC2064,57.2,8.5830376e-05,0.9850747
PC2065,84.325,8.580193e-05,0.9851605
PC2066,215.0625,8.578407e-05,0.9852463
PC2067,98.9625,8.5741915e-05,0.9853321
PC2068,258.95,8.568367e-05,0.9854178
PC2069,54.5125,8.56817e-05,0.9855035
PC2070,55.5625,8.564836e-05,0.98558915
PC2071,117.0375,8.5600754e-05,0.98567474
PC2072,360.2625,8.556958e-05,0.98576033
PC2073,254.225,8.549014e-05,0.9858458
PC2074,73.5625,8.546744e-05,0.9859313
PC2075,56.0875,8.541431e-05,0.9860167
PC2076,280.1875,8.540585e-05,0.9861021
PC2077,50.75,8.535284e-05,0.98618746
PC2078,628.55,8.5299165e-05,0.98627275
PC2079,547.4375,8.525309e-05,0.986358
PC2080,320.8875,8.5244916e-05,0.9864432
PC2081,299.2125,8.514112e-05,0.98652834
PC2082,417.2375,8.51095e-05,0.98661345
PC2083,422.2625,8.5082575e-05,0.9866985
PC2084,59.625,8.501141e-05,0.9867835
PC2085,409.2875,8.494172e-05,0.98686844
PC2086,326.225,8.4922605e-05,0.9869534
PC2087,655.5375,8.48817e-05,0.98703825
PC2088,73.25,8.486136e-05,0.98712313
PC2089,441.2625,8.479799e-05,0.98720795
PC2090,495.3125,8.477809e-05,0.9872927
PC2091,81.1375,8.47206e-05,0.9873774
PC2092,50.1125,8.468014e-05,0.9874621
PC2093,789.625,8.463357e-05,0.98754674
PC2094,94.9875,8.45738e-05,0.9876313
PC2095,497.325,8.450885e-05,0.98771584
PC2096,129.0625,8.441789e-05,0.98780024
PC2097,77.275,8.4387335e-05,0.98788464
PC2098,910.5125,8.432421e-05,0.987969
PC2099,50.6,8.430956e-05,0.98805326
PC2100,65.025,8.42658e-05,0.98813754
PC2101,208.9625,8.420729e-05,0.98822176
PC2102,469.3125,8.4128114e-05,0.98830587
PC2103,267.075,8.41156e-05,0.98838997
PC2104,87.525,8.407029e-05,0.988474
PC2105,79.725,8.404523e-05,0.98855805
PC2106,117.8125,8.399489e-05,0.98864204
PC2107,72.525,8.395162e-05,0.98872596
PC2108,453.3,8.392326e-05,0.9888099
PC2109,84.0,8.389702e-05,0.9888938
PC2110,64.525,8.38391e-05,0.9889777
PC2111,64.4,8.3769344e-05,0.9890614
PC2112,82.3875,8.368405e-05,0.9891451
PC2113,615.55,8.367474e-05,0.9892288
PC2114,188.1125,8.356399e-05,0.98931235
PC2115,80.225,8.356071e-05,0.9893959
PC2116,52.925,8.3503786e-05,0.9894794
PC2117,110.9875,8.3433355e-05,0.98956287
PC2118,377.0875,8.3377876e-05,0.98964626
PC2119,54.6625,8.331454e-05,0.9897296
PC2120,794.675,8.329061e-05,0.98981285
PC2121,53.8375,8.325711e-05,0.9898961
PC2122,78.7375,8.322486e-05,0.9899793
PC2123,54.775,8.3173545e-05,0.9900625
PC2124,82.5625,8.3140745e-05,0.9901456
PC2125,794.55,8.3059356e-05,0.9902287
PC2126,54.0875,8.302536e-05,0.99031174
PC2127,367.3875,8.294945e-05,0.9903947
PC2128,61.8375,8.289411e-05,0.9904776
PC2129,53.6,8.283589e-05,0.9905605
PC2130,443.3125,8.281569e-05,0.99064326
PC2131,421.15,8.274598e-05,0.990726
PC2132,518.325,8.2705046e-05,0.9908087
PC2133,166.85,8.26353e-05,0.99089134
PC2134,56.275,8.260619e-05,0.99097395
PC2135,270.8125,8.2554834e-05,0.9910565
PC2136,69.875,8.25283e-05,0.99113905
PC2137,50.025,8.249755e-05,0.99122155
PC2138,766.5375,8.2414976e-05,0.991304
PC2139,537.5125,8.238816e-05,0.99138635
PC2140,167.05,8.232658e-05,0.99146867
PC2141,63.1,8.229085e-05,0.991551
PC2142,297.9875,8.222622e-05,0.99163324
PC2143,67.025,8.2179664e-05,0.99171543
PC2144,73.4,8.214782e-05,0.99179757
PC2145,65.1,8.2102546e-05,0.99187964
PC2146,54.95,8.20544e-05,0.9919617
PC2147,89.8125,8.197933e-05,0.9920437
PC2148,55.4625,8.1908685e-05,0.9921256
PC2149,135.925,8.188159e-05,0.99220747
PC2150,405.1375,8.1799495e-05,0.99228925
PC2151,171.0875,8.1768725e-05,0.992371
PC2152,438.975,8.16557e-05,0.9924527
PC2153,81.35,8.158435e-05,0.9925343
PC2154,381.3875,8.1535916e-05,0.9926158
PC2155,85.0375,8.1486876e-05,0.9926973
PC2156,625.3875,8.14617e-05,0.9927788
PC2157,67.05,8.1412436e-05,0.9928602
PC2158,64.3375,8.136156e-05,0.99294156
PC2159,72.425,8.130116e-05,0.99302286
PC2160,355.275,8.126008e-05,0.9931041
PC2161,66.0625,8.12344e-05,0.99318534
PC2162,371.0375,8.120594e-05,0.9932665
PC2163,254.225,8.117638e-05,0.9933477
PC2164,316.2,8.1079874e-05,0.99342877
PC2165,187.15,8.1051185e-05,0.9935098
PC2166,723.5,8.099351e-05,0.99359083
PC2167,50.525,8.096106e-05,0.9936718
PC2168,72.9375,8.093475e-05,0.9937527
PC2169,58.175,8.083332e-05,0.99383354
PC2170,82.575,8.081859e-05,0.99391437
PC2171,77.5375,8.073627e-05,0.99399513
PC2172,64.1375,8.068532e-05,0.99407583
PC2173,72.375,8.0610356e-05,0.9941564
PC2174,549.375,8.053447e-05,0.99423695
PC2175,397.175,8.046041e-05,0.9943174
PC2176,453.425,8.0445054e-05,0.9943979
PC2177,109.4125,8.035974e-05,0.9944782
PC2178,63.3,8.0333266e-05,0.9945586
PC2179,65.325,8.028853e-05,0.99463886
PC2180,111.025,8.019551e-05,0.994719
PC2181,63.6875,8.018504e-05,0.9947992
PC2182,86.0625,8.005915e-05,0.99487925
PC2183,61.725,7.995789e-05,0.9949592
PC2184,682.6125,7.989106e-05,0.99503905
PC2185,65.7625,7.980936e-05,0.99511886
PC2186,95.125,7.97547e-05,0.9951986
PC2187,52.175,7.966564e-05,0.9952783
PC2188,361.075,7.959466e-05,0.9953579
PC2189,466.875,7.958119e-05,0.99543744
PC2190,559.45,7.954821e-05,0.995517
PC2191,259.0125,7.952098e-05,0.9955965
PC2192,910.5125,7.945368e-05,0.995676
PC2193,92.0125,7.940839e-05,0.9957554
PC2194,85.4625,7.921707e-05,0.9958346
PC2195,491.8875,7.913779e-05,0.99591374
PC2196,119.4375,7.912384e-05,0.99599284
PC2197,60.9875,7.906515e-05,0.9960719
PC2198,379.0875,7.899733e-05,0.99615085
PC2199,306.2625,7.892429e-05,0.99622977
PC2200,59.4875,7.8912635e-05,0.9963087
PC2201,56.575,7.88216e-05,0.9963875
PC2202,50.0875,7.877697e-05,0.9964663
PC2203,111.5,7.8721474e-05,0.996545
PC2204,79.9875,7.859142e-05,0.99662364
PC2205,589.4875,7.851874e-05,0.99670213
PC2206,810.5625,7.847842e-05,0.99678063
PC2207,112.1875,7.840674e-05,0.996859
PC2208,71.875,7.838139e-05,0.9969374
PC2209,51.6625,7.8281475e-05,0.99701566
PC2210,425.375,7.8214056e-05,0.99709386
PC2211,60.4,7.810167e-05,0.99717194
PC2212,392.9,7.801445e-05,0.99724996
PC2213,53.775,7.794221e-05,0.9973279
PC2214,602.55,7.790927e-05,0.9974058
PC2215,669.5,7.787262e-05,0.9974837
PC2216,283.2625,7.784124e-05,0.9975615
PC2217,56.6125,7.774789e-05,0.99763924
PC2218,53.1125,7.7660196e-05,0.9977169
PC2219,489.3875,7.760284e-05,0.9977945
PC2220,62.825,7.757073e-05,0.99787205
PC2221,429.1375,7.745259e-05,0.9979495
PC2222,185.125,7.738621e-05,0.99802685
PC2223,315.1875,7.725771e-05,0.9981041
PC2224,70.6125,7.715532e-05,0.9981812
PC2225,138.05,7.70571e-05,0.9982583
PC2226,199.1875,7.701233e-05,0.9983353
PC2227,130.1875,7.692048e-05,0.99841225
PC2228,398.3625,7.683837e-05,0.9984891
PC2229,77.6625,7.668049e-05,0.99856573
PC2230,112.1875,7.665513e-05,0.9986424
PC2231,466.325,7.651474e-05,0.9987189
PC2232,381.275,7.638171e-05,0.9987953
PC2233,375.175,7.6339216e-05,0.9988716
PC2234,59.7375,7.624713e-05,0.99894786
PC2235,341.1875,7.6055774e-05,0.9990239
PC2236,297.1875,7.600613e-05,0.9990999
PC2237,59.825,7.592465e-05,0.99917585
PC2238,69.225,7.578168e-05,0.9992516
PC2239,103.825,7.5743395e-05,0.99932736
PC2240,425.2875,7.560236e-05,0.99940294
PC2241,101.4,7.5461234e-05,0.9994784
PC2242,700.6375,7.526055e-05,0.9995537
PC2243,185.1625,7.5061e-05,0.9996287
PC2244,409.1875,7.504587e-05,0.99970376
PC2245,199.1875,7.4814714e-05,0.99977857
PC2246,113.775,7.467389e-05,0.99985325
PC2247,58.625,7.374124e-05,0.999927
PC2248,54.625,7.3355484e-05,1.0000004
PC2249,279.175,1.4908992e-12,1.0000004
